State,Date,Year,Month,EV_Registrations
Andaman And Nicobar Islands,2019-05-01,2019,5,2.0
Andaman And Nicobar Islands,2020-02-01,2020,2,3.0
Andaman And Nicobar Islands,2020-06-01,2020,6,10.0
Andaman And Nicobar Islands,2020-07-01,2020,7,15.0
Andaman And Nicobar Islands,2020-09-01,2020,9,1.0
Andaman And Nicobar Islands,2020-10-01,2020,10,3.0
Andaman And Nicobar Islands,2020-11-01,2020,11,2.0
Andaman And Nicobar Islands,2020-12-01,2020,12,2.0
Andaman And Nicobar Islands,2021-01-01,2021,1,15.0
Andaman And Nicobar Islands,2021-02-01,2021,2,26.0
Andaman And Nicobar Islands,2021-03-01,2021,3,31.0
Andaman And Nicobar Islands,2021-04-01,2021,4,9.0
Andaman And Nicobar Islands,2021-07-01,2021,7,8.0
Andaman And Nicobar Islands,2021-08-01,2021,8,1.0
Andaman And Nicobar Islands,2021-10-01,2021,10,1.0
Andaman And Nicobar Islands,2021-12-01,2021,12,1.0
Andaman And Nicobar Islands,2022-03-01,2022,3,2.0
Andaman And Nicobar Islands,2022-04-01,2022,4,1.0
Andaman And Nicobar Islands,2022-11-01,2022,11,7.0
Andaman And Nicobar Islands,2022-12-01,2022,12,13.0
Andaman And Nicobar Islands,2023-03-01,2023,3,2.0
Andaman And Nicobar Islands,2023-04-01,2023,4,1.0
Andaman And Nicobar Islands,2023-06-01,2023,6,1.0
Andaman And Nicobar Islands,2023-07-01,2023,7,3.0
Andaman And Nicobar Islands,2023-08-01,2023,8,3.0
Andaman And Nicobar Islands,2023-09-01,2023,9,1.0
Andaman And Nicobar Islands,2023-10-01,2023,10,2.0
Andaman And Nicobar Islands,2023-11-01,2023,11,4.0
Andaman And Nicobar Islands,2023-12-01,2023,12,9.0
Andaman And Nicobar Islands,2024-01-01,2024,1,3.0
Andaman And Nicobar Islands,2024-02-01,2024,2,6.0
Andaman And Nicobar Islands,2024-03-01,2024,3,3.0
Andaman And Nicobar Islands,2024-04-01,2024,4,13.0
Andaman And Nicobar Islands,2024-05-01,2024,5,4.0
Andhra Pradesh,2019-01-01,2019,1,195.0
Andhra Pradesh,2019-02-01,2019,2,294.0
Andhra Pradesh,2019-03-01,2019,3,367.0
Andhra Pradesh,2019-04-01,2019,4,279.0
Andhra Pradesh,2019-05-01,2019,5,78.0
Andhra Pradesh,2019-06-01,2019,6,189.0
Andhra Pradesh,2019-07-01,2019,7,75.0
Andhra Pradesh,2019-08-01,2019,8,151.0
Andhra Pradesh,2019-09-01,2019,9,64.0
Andhra Pradesh,2019-10-01,2019,10,118.0
Andhra Pradesh,2019-11-01,2019,11,124.0
Andhra Pradesh,2019-12-01,2019,12,248.0
Andhra Pradesh,2020-01-01,2020,1,158491.0
Andhra Pradesh,2020-02-01,2020,2,49827.0
Andhra Pradesh,2020-03-01,2020,3,42310.0
Andhra Pradesh,2020-04-01,2020,4,2933.0
Andhra Pradesh,2020-05-01,2020,5,3931.0
Andhra Pradesh,2020-06-01,2020,6,19546.0
Andhra Pradesh,2020-07-01,2020,7,22185.0
Andhra Pradesh,2020-08-01,2020,8,25870.0
Andhra Pradesh,2020-09-01,2020,9,34306.0
Andhra Pradesh,2020-10-01,2020,10,34540.0
Andhra Pradesh,2020-11-01,2020,11,38393.0
Andhra Pradesh,2020-12-01,2020,12,47857.0
Andhra Pradesh,2021-01-01,2021,1,348930.0
Andhra Pradesh,2021-02-01,2021,2,40527.0
Andhra Pradesh,2021-03-01,2021,3,57260.0
Andhra Pradesh,2021-04-01,2021,4,30651.0
Andhra Pradesh,2021-05-01,2021,5,7490.0
Andhra Pradesh,2021-06-01,2021,6,25211.0
Andhra Pradesh,2021-07-01,2021,7,41510.0
Andhra Pradesh,2021-08-01,2021,8,62500.0
Andhra Pradesh,2021-09-01,2021,9,68308.0
Andhra Pradesh,2021-10-01,2021,10,83005.0
Andhra Pradesh,2021-11-01,2021,11,91424.0
Andhra Pradesh,2021-12-01,2021,12,108543.0
Andhra Pradesh,2022-01-01,2022,1,104757.0
Andhra Pradesh,2022-02-01,2022,2,118541.0
Andhra Pradesh,2022-03-01,2022,3,169418.0
Andhra Pradesh,2022-04-01,2022,4,158112.0
Andhra Pradesh,2022-05-01,2022,5,141570.0
Andhra Pradesh,2022-06-01,2022,6,153606.0
Andhra Pradesh,2022-07-01,2022,7,153740.0
Andhra Pradesh,2022-08-01,2022,8,180003.0
Andhra Pradesh,2022-09-01,2022,9,192160.0
Andhra Pradesh,2022-10-01,2022,10,237657.0
Andhra Pradesh,2022-11-01,2022,11,246102.0
Andhra Pradesh,2022-12-01,2022,12,212933.0
Andhra Pradesh,2023-01-01,2023,1,2949.0
Andhra Pradesh,2023-02-01,2023,2,3272.0
Andhra Pradesh,2023-03-01,2023,3,3913.0
Andhra Pradesh,2023-04-01,2023,4,3943.0
Andhra Pradesh,2023-05-01,2023,5,4765.0
Andhra Pradesh,2023-06-01,2023,6,1370.0
Andhra Pradesh,2023-07-01,2023,7,1749.0
Andhra Pradesh,2023-08-01,2023,8,2086.0
Andhra Pradesh,2023-09-01,2023,9,1654.0
Andhra Pradesh,2023-10-01,2023,10,2079.0
Andhra Pradesh,2023-11-01,2023,11,2341.0
Andhra Pradesh,2023-12-01,2023,12,2746.0
Andhra Pradesh,2024-01-01,2024,1,2704.0
Andhra Pradesh,2024-02-01,2024,2,3170.0
Andhra Pradesh,2024-03-01,2024,3,7850.0
Andhra Pradesh,2024-04-01,2024,4,3478.0
Andhra Pradesh,2024-05-01,2024,5,6054.0
Arunachal Pradesh,2019-12-01,2019,12,1.0
Arunachal Pradesh,2020-01-01,2020,1,16855.0
Arunachal Pradesh,2020-02-01,2020,2,16572.0
Arunachal Pradesh,2020-03-01,2020,3,14069.0
Arunachal Pradesh,2020-04-01,2020,4,975.0
Arunachal Pradesh,2020-05-01,2020,5,1310.0
Arunachal Pradesh,2020-06-01,2020,6,6490.0
Arunachal Pradesh,2020-07-01,2020,7,7799.0
Arunachal Pradesh,2020-08-01,2020,8,8559.0
Arunachal Pradesh,2020-09-01,2020,9,11350.0
Arunachal Pradesh,2020-10-01,2020,10,11454.0
Arunachal Pradesh,2020-11-01,2020,11,13385.0
Arunachal Pradesh,2020-12-01,2020,12,15855.0
Arunachal Pradesh,2021-01-01,2021,1,17031.0
Arunachal Pradesh,2021-02-01,2021,2,20067.0
Arunachal Pradesh,2021-03-01,2021,3,28110.0
Arunachal Pradesh,2021-04-01,2021,4,15023.0
Arunachal Pradesh,2021-05-01,2021,5,3605.0
Arunachal Pradesh,2021-06-01,2021,6,12333.0
Arunachal Pradesh,2021-07-01,2021,7,28168.0
Arunachal Pradesh,2021-08-01,2021,8,30835.0
Arunachal Pradesh,2021-09-01,2021,9,36603.0
Arunachal Pradesh,2021-10-01,2021,10,40961.0
Arunachal Pradesh,2021-11-01,2021,11,45095.0
Arunachal Pradesh,2021-12-01,2021,12,53755.0
Arunachal Pradesh,2022-01-01,2022,1,51496.0
Arunachal Pradesh,2022-02-01,2022,2,58100.0
Arunachal Pradesh,2022-03-01,2022,3,83103.0
Arunachal Pradesh,2022-04-01,2022,4,77617.0
Arunachal Pradesh,2022-05-01,2022,5,69919.0
Arunachal Pradesh,2022-06-01,2022,6,75882.0
Arunachal Pradesh,2022-07-01,2022,7,80879.0
Arunachal Pradesh,2022-08-01,2022,8,89012.0
Arunachal Pradesh,2022-09-01,2022,9,94914.0
Arunachal Pradesh,2022-10-01,2022,10,117499.0
Arunachal Pradesh,2022-11-01,2022,11,121596.0
Arunachal Pradesh,2022-12-01,2022,12,105006.0
Arunachal Pradesh,2023-01-01,2023,1,102883.0
Arunachal Pradesh,2023-02-01,2023,2,107220.0
Arunachal Pradesh,2023-03-01,2023,3,140920.0
Arunachal Pradesh,2023-04-01,2023,4,111358.0
Arunachal Pradesh,2023-05-01,2023,5,158463.0
Arunachal Pradesh,2023-06-01,2023,6,102645.0
Arunachal Pradesh,2023-07-01,2023,7,116627.0
Arunachal Pradesh,2023-08-01,2023,8,127204.0
Arunachal Pradesh,2023-09-01,2023,9,128556.0
Arunachal Pradesh,2023-10-01,2023,10,140368.0
Arunachal Pradesh,2023-11-01,2023,11,154131.0
Arunachal Pradesh,2023-12-01,2023,12,141930.0
Arunachal Pradesh,2024-01-01,2024,1,7.0
Arunachal Pradesh,2024-02-01,2024,2,4.0
Arunachal Pradesh,2024-03-01,2024,3,1.0
Arunachal Pradesh,2024-04-01,2024,4,2.0
Arunachal Pradesh,2024-05-01,2024,5,1.0
Assam,2019-01-01,2019,1,436.0
Assam,2019-02-01,2019,2,529.0
Assam,2019-03-01,2019,3,644.0
Assam,2019-04-01,2019,4,600.0
Assam,2019-05-01,2019,5,783.0
Assam,2019-06-01,2019,6,837.0
Assam,2019-07-01,2019,7,888.0
Assam,2019-08-01,2019,8,939.0
Assam,2019-09-01,2019,9,1089.0
Assam,2019-10-01,2019,10,994.0
Assam,2019-11-01,2019,11,1242.0
Assam,2019-12-01,2019,12,955.0
Assam,2020-01-01,2020,1,726.0
Assam,2020-02-01,2020,2,1188.0
Assam,2020-03-01,2020,3,815.0
Assam,2020-04-01,2020,4,10.0
Assam,2020-05-01,2020,5,129.0
Assam,2020-06-01,2020,6,545.0
Assam,2020-07-01,2020,7,598.0
Assam,2020-08-01,2020,8,644.0
Assam,2020-09-01,2020,9,582.0
Assam,2020-10-01,2020,10,1004.0
Assam,2020-11-01,2020,11,1003.0
Assam,2020-12-01,2020,12,1057.0
Assam,2021-01-01,2021,1,887.0
Assam,2021-02-01,2021,2,1078.0
Assam,2021-03-01,2021,3,1472.0
Assam,2021-04-01,2021,4,1084.0
Assam,2021-05-01,2021,5,406.0
Assam,2021-06-01,2021,6,377.0
Assam,2021-07-01,2021,7,942.0
Assam,2021-08-01,2021,8,1031.0
Assam,2021-09-01,2021,9,1485.0
Assam,2021-10-01,2021,10,1966.0
Assam,2021-11-01,2021,11,2026.0
Assam,2021-12-01,2021,12,2637.0
Assam,2022-01-01,2022,1,4002.0
Assam,2022-02-01,2022,2,2563.0
Assam,2022-03-01,2022,3,3461.0
Assam,2022-04-01,2022,4,3114.0
Assam,2022-05-01,2022,5,3276.0
Assam,2022-06-01,2022,6,3154.0
Assam,2022-07-01,2022,7,3156.0
Assam,2022-08-01,2022,8,3479.0
Assam,2022-09-01,2022,9,4259.0
Assam,2022-10-01,2022,10,3382.0
Assam,2022-11-01,2022,11,4295.0
Assam,2022-12-01,2022,12,4117.0
Assam,2023-01-01,2023,1,3450.0
Assam,2023-02-01,2023,2,4195.0
Assam,2023-03-01,2023,3,4985.0
Assam,2023-04-01,2023,4,3971.0
Assam,2023-05-01,2023,5,5774.0
Assam,2023-06-01,2023,6,5070.0
Assam,2023-07-01,2023,7,5254.0
Assam,2023-08-01,2023,8,5548.0
Assam,2023-09-01,2023,9,6478.0
Assam,2023-10-01,2023,10,6057.0
Assam,2023-11-01,2023,11,4582.0
Assam,2023-12-01,2023,12,4521.0
Assam,2024-01-01,2024,1,4738.0
Assam,2024-02-01,2024,2,4599.0
Assam,2024-03-01,2024,3,6339.0
Assam,2024-04-01,2024,4,4025.0
Assam,2024-05-01,2024,5,5361.0
Bihar,2019-01-01,2019,1,796.0
Bihar,2019-02-01,2019,2,1039.0
Bihar,2019-03-01,2019,3,881.0
Bihar,2019-04-01,2019,4,735.0
Bihar,2019-05-01,2019,5,593.0
Bihar,2019-06-01,2019,6,548.0
Bihar,2019-07-01,2019,7,1124.0
Bihar,2019-08-01,2019,8,947.0
Bihar,2019-09-01,2019,9,1581.0
Bihar,2019-10-01,2019,10,1372.0
Bihar,2019-11-01,2019,11,1618.0
Bihar,2019-12-01,2019,12,1623.0
Bihar,2020-01-01,2020,1,18133.0
Bihar,2020-02-01,2020,2,18066.0
Bihar,2020-03-01,2020,3,15728.0
Bihar,2020-04-01,2020,4,996.0
Bihar,2020-05-01,2020,5,1358.0
Bihar,2020-06-01,2020,6,7334.0
Bihar,2020-07-01,2020,7,8460.0
Bihar,2020-08-01,2020,8,9490.0
Bihar,2020-09-01,2020,9,12887.0
Bihar,2020-10-01,2020,10,12711.0
Bihar,2020-11-01,2020,11,14398.0
Bihar,2020-12-01,2020,12,17404.0
Bihar,2021-01-01,2021,1,1705.0
Bihar,2021-02-01,2021,2,1592.0
Bihar,2021-03-01,2021,3,2045.0
Bihar,2021-04-01,2021,4,997.0
Bihar,2021-05-01,2021,5,229.0
Bihar,2021-06-01,2021,6,749.0
Bihar,2021-07-01,2021,7,1825.0
Bihar,2021-08-01,2021,8,1897.0
Bihar,2021-09-01,2021,9,2344.0
Bihar,2021-10-01,2021,10,3173.0
Bihar,2021-11-01,2021,11,3075.0
Bihar,2021-12-01,2021,12,3453.0
Bihar,2022-01-01,2022,1,3030.0
Bihar,2022-02-01,2022,2,2768.0
Bihar,2022-03-01,2022,3,4735.0
Bihar,2022-04-01,2022,4,2808.0
Bihar,2022-05-01,2022,5,3308.0
Bihar,2022-06-01,2022,6,3898.0
Bihar,2022-07-01,2022,7,3982.0
Bihar,2022-08-01,2022,8,5479.0
Bihar,2022-09-01,2022,9,7064.0
Bihar,2022-10-01,2022,10,6193.0
Bihar,2022-11-01,2022,11,6111.0
Bihar,2022-12-01,2022,12,6377.0
Bihar,2023-01-01,2023,1,5022.0
Bihar,2023-02-01,2023,2,5864.0
Bihar,2023-03-01,2023,3,6502.0
Bihar,2023-04-01,2023,4,5227.0
Bihar,2023-05-01,2023,5,6672.0
Bihar,2023-06-01,2023,6,6140.0
Bihar,2023-07-01,2023,7,7609.0
Bihar,2023-08-01,2023,8,7808.0
Bihar,2023-09-01,2023,9,9393.0
Bihar,2023-10-01,2023,10,9727.0
Bihar,2023-11-01,2023,11,8953.0
Bihar,2023-12-01,2023,12,9301.0
Bihar,2024-01-01,2024,1,8377.0
Bihar,2024-02-01,2024,2,7714.0
Bihar,2024-03-01,2024,3,9546.0
Bihar,2024-04-01,2024,4,7106.0
Bihar,2024-05-01,2024,5,7923.0
Chandigarh,2019-01-01,2019,1,13.0
Chandigarh,2019-02-01,2019,2,10.0
Chandigarh,2019-03-01,2019,3,16.0
Chandigarh,2019-04-01,2019,4,16.0
Chandigarh,2019-05-01,2019,5,9.0
Chandigarh,2019-06-01,2019,6,162.0
Chandigarh,2019-07-01,2019,7,30.0
Chandigarh,2019-08-01,2019,8,118.0
Chandigarh,2019-09-01,2019,9,25.0
Chandigarh,2019-10-01,2019,10,32.0
Chandigarh,2019-11-01,2019,11,30.0
Chandigarh,2019-12-01,2019,12,45.0
Chandigarh,2020-01-01,2020,1,33.0
Chandigarh,2020-02-01,2020,2,23.0
Chandigarh,2020-03-01,2020,3,7.0
Chandigarh,2020-04-01,2020,4,23.0
Chandigarh,2020-06-01,2020,6,15.0
Chandigarh,2020-07-01,2020,7,17.0
Chandigarh,2020-08-01,2020,8,58.0
Chandigarh,2020-09-01,2020,9,83.0
Chandigarh,2020-10-01,2020,10,40.0
Chandigarh,2020-11-01,2020,11,38.0
Chandigarh,2020-12-01,2020,12,32.0
Chandigarh,2021-01-01,2021,1,26.0
Chandigarh,2021-02-01,2021,2,20.0
Chandigarh,2021-03-01,2021,3,56.0
Chandigarh,2021-04-01,2021,4,42.0
Chandigarh,2021-05-01,2021,5,7.0
Chandigarh,2021-06-01,2021,6,34.0
Chandigarh,2021-07-01,2021,7,58.0
Chandigarh,2021-08-01,2021,8,58.0
Chandigarh,2021-09-01,2021,9,72.0
Chandigarh,2021-10-01,2021,10,109.0
Chandigarh,2021-11-01,2021,11,144.0
Chandigarh,2021-12-01,2021,12,109.0
Chandigarh,2022-01-01,2022,1,72.0
Chandigarh,2022-02-01,2022,2,102.0
Chandigarh,2022-03-01,2022,3,175.0
Chandigarh,2022-04-01,2022,4,123.0
Chandigarh,2022-05-01,2022,5,166.0
Chandigarh,2022-06-01,2022,6,223.0
Chandigarh,2022-07-01,2022,7,235.0
Chandigarh,2022-08-01,2022,8,240.0
Chandigarh,2022-09-01,2022,9,232.0
Chandigarh,2022-10-01,2022,10,352.0
Chandigarh,2022-11-01,2022,11,415.0
Chandigarh,2022-12-01,2022,12,385.0
Chandigarh,2023-01-01,2023,1,459.0
Chandigarh,2023-02-01,2023,2,406.0
Chandigarh,2023-03-01,2023,3,667.0
Chandigarh,2023-04-01,2023,4,352.0
Chandigarh,2023-05-01,2023,5,530.0
Chandigarh,2023-06-01,2023,6,459.0
Chandigarh,2023-07-01,2023,7,470.0
Chandigarh,2023-08-01,2023,8,527.0
Chandigarh,2023-09-01,2023,9,579.0
Chandigarh,2023-10-01,2023,10,605.0
Chandigarh,2023-11-01,2023,11,680.0
Chandigarh,2023-12-01,2023,12,673.0
Chandigarh,2024-01-01,2024,1,573.0
Chandigarh,2024-02-01,2024,2,473.0
Chandigarh,2024-03-01,2024,3,626.0
Chandigarh,2024-04-01,2024,4,354.0
Chandigarh,2024-05-01,2024,5,424.0
Chhattisgarh,2019-01-01,2019,1,252.0
Chhattisgarh,2019-02-01,2019,2,330.0
Chhattisgarh,2019-03-01,2019,3,446.0
Chhattisgarh,2019-04-01,2019,4,227.0
Chhattisgarh,2019-05-01,2019,5,149.0
Chhattisgarh,2019-06-01,2019,6,128.0
Chhattisgarh,2019-07-01,2019,7,179.0
Chhattisgarh,2019-08-01,2019,8,171.0
Chhattisgarh,2019-09-01,2019,9,200.0
Chhattisgarh,2019-10-01,2019,10,210.0
Chhattisgarh,2019-11-01,2019,11,241.0
Chhattisgarh,2019-12-01,2019,12,218.0
Chhattisgarh,2020-01-01,2020,1,216.0
Chhattisgarh,2020-02-01,2020,2,176.0
Chhattisgarh,2020-03-01,2020,3,164.0
Chhattisgarh,2020-04-01,2020,4,4.0
Chhattisgarh,2020-05-01,2020,5,20.0
Chhattisgarh,2020-06-01,2020,6,137.0
Chhattisgarh,2020-07-01,2020,7,98.0
Chhattisgarh,2020-08-01,2020,8,68.0
Chhattisgarh,2020-09-01,2020,9,111.0
Chhattisgarh,2020-10-01,2020,10,122.0
Chhattisgarh,2020-11-01,2020,11,232.0
Chhattisgarh,2020-12-01,2020,12,141.0
Chhattisgarh,2021-01-01,2021,1,166.0
Chhattisgarh,2021-02-01,2021,2,237.0
Chhattisgarh,2021-03-01,2021,3,349.0
Chhattisgarh,2021-04-01,2021,4,71.0
Chhattisgarh,2021-05-01,2021,5,18.0
Chhattisgarh,2021-06-01,2021,6,228.0
Chhattisgarh,2021-07-01,2021,7,388.0
Chhattisgarh,2021-08-01,2021,8,385.0
Chhattisgarh,2021-09-01,2021,9,431.0
Chhattisgarh,2021-10-01,2021,10,485.0
Chhattisgarh,2021-11-01,2021,11,705.0
Chhattisgarh,2021-12-01,2021,12,753.0
Chhattisgarh,2022-01-01,2022,1,885.0
Chhattisgarh,2022-02-01,2022,2,876.0
Chhattisgarh,2022-03-01,2022,3,1305.0
Chhattisgarh,2022-04-01,2022,4,1776.0
Chhattisgarh,2022-05-01,2022,5,1197.0
Chhattisgarh,2022-06-01,2022,6,1508.0
Chhattisgarh,2022-07-01,2022,7,1829.0
Chhattisgarh,2022-08-01,2022,8,1860.0
Chhattisgarh,2022-09-01,2022,9,1767.0
Chhattisgarh,2022-10-01,2022,10,3211.0
Chhattisgarh,2022-11-01,2022,11,3526.0
Chhattisgarh,2022-12-01,2022,12,2625.0
Chhattisgarh,2023-01-01,2023,1,2644.0
Chhattisgarh,2023-02-01,2023,2,2630.0
Chhattisgarh,2023-03-01,2023,3,3139.0
Chhattisgarh,2023-04-01,2023,4,2418.0
Chhattisgarh,2023-05-01,2023,5,3575.0
Chhattisgarh,2023-06-01,2023,6,2348.0
Chhattisgarh,2023-07-01,2023,7,2789.0
Chhattisgarh,2023-08-01,2023,8,3337.0
Chhattisgarh,2023-09-01,2023,9,3349.0
Chhattisgarh,2023-10-01,2023,10,3479.0
Chhattisgarh,2023-11-01,2023,11,5470.0
Chhattisgarh,2023-12-01,2023,12,3053.0
Chhattisgarh,2024-01-01,2024,1,3674.0
Chhattisgarh,2024-02-01,2024,2,3487.0
Chhattisgarh,2024-03-01,2024,3,5096.0
Chhattisgarh,2024-04-01,2024,4,2819.0
Chhattisgarh,2024-05-01,2024,5,2772.0
Delhi,2019-01-01,2019,1,1918.0
Delhi,2019-02-01,2019,2,1525.0
Delhi,2019-03-01,2019,3,1910.0
Delhi,2019-04-01,2019,4,1545.0
Delhi,2019-05-01,2019,5,1456.0
Delhi,2019-06-01,2019,6,1478.0
Delhi,2019-07-01,2019,7,1671.0
Delhi,2019-08-01,2019,8,1979.0
Delhi,2019-09-01,2019,9,2230.0
Delhi,2019-10-01,2019,10,2471.0
Delhi,2019-11-01,2019,11,2762.0
Delhi,2019-12-01,2019,12,2277.0
Delhi,2020-01-01,2020,1,19184.0
Delhi,2020-02-01,2020,2,18475.0
Delhi,2020-03-01,2020,3,15282.0
Delhi,2020-04-01,2020,4,982.0
Delhi,2020-05-01,2020,5,1427.0
Delhi,2020-06-01,2020,6,6988.0
Delhi,2020-07-01,2020,7,8398.0
Delhi,2020-08-01,2020,8,9243.0
Delhi,2020-09-01,2020,9,11956.0
Delhi,2020-10-01,2020,10,12406.0
Delhi,2020-11-01,2020,11,14832.0
Delhi,2020-12-01,2020,12,1341.0
Delhi,2021-01-01,2021,1,1445.0
Delhi,2021-02-01,2021,2,1599.0
Delhi,2021-03-01,2021,3,2202.0
Delhi,2021-04-01,2021,4,1121.0
Delhi,2021-05-01,2021,5,2.0
Delhi,2021-06-01,2021,6,943.0
Delhi,2021-07-01,2021,7,2408.0
Delhi,2021-08-01,2021,8,2608.0
Delhi,2021-09-01,2021,9,2879.0
Delhi,2021-10-01,2021,10,3287.0
Delhi,2021-11-01,2021,11,3528.0
Delhi,2021-12-01,2021,12,3791.0
Delhi,2022-01-01,2022,1,3408.0
Delhi,2022-02-01,2022,2,4548.0
Delhi,2022-03-01,2022,3,5994.0
Delhi,2022-04-01,2022,4,3962.0
Delhi,2022-05-01,2022,5,3508.0
Delhi,2022-06-01,2022,6,4459.0
Delhi,2022-07-01,2022,7,5596.0
Delhi,2022-08-01,2022,8,4591.0
Delhi,2022-09-01,2022,9,4814.0
Delhi,2022-10-01,2022,10,8154.0
Delhi,2022-11-01,2022,11,6156.0
Delhi,2022-12-01,2022,12,7066.0
Delhi,2023-01-01,2023,1,5572.0
Delhi,2023-02-01,2023,2,5267.0
Delhi,2023-03-01,2023,3,7969.0
Delhi,2023-04-01,2023,4,5184.0
Delhi,2023-05-01,2023,5,7632.0
Delhi,2023-06-01,2023,6,4907.0
Delhi,2023-07-01,2023,7,4917.0
Delhi,2023-08-01,2023,8,4940.0
Delhi,2023-09-01,2023,9,4840.0
Delhi,2023-10-01,2023,10,6029.0
Delhi,2023-11-01,2023,11,6919.0
Delhi,2023-12-01,2023,12,9481.0
Delhi,2024-01-01,2024,1,7601.0
Delhi,2024-02-01,2024,2,5641.0
Delhi,2024-03-01,2024,3,10849.0
Delhi,2024-04-01,2024,4,5263.0
Delhi,2024-05-01,2024,5,4989.0
Goa,2019-01-01,2019,1,3.0
Goa,2019-02-01,2019,2,2.0
Goa,2019-03-01,2019,3,4.0
Goa,2019-05-01,2019,5,4.0
Goa,2019-07-01,2019,7,6.0
Goa,2019-08-01,2019,8,3.0
Goa,2019-09-01,2019,9,2.0
Goa,2019-10-01,2019,10,2.0
Goa,2019-11-01,2019,11,10.0
Goa,2019-12-01,2019,12,5.0
Goa,2020-01-01,2020,1,2.0
Goa,2020-02-01,2020,2,3.0
Goa,2020-03-01,2020,3,2.0
Goa,2020-05-01,2020,5,2.0
Goa,2020-06-01,2020,6,3.0
Goa,2020-07-01,2020,7,1.0
Goa,2020-08-01,2020,8,4.0
Goa,2020-09-01,2020,9,7.0
Goa,2020-10-01,2020,10,19.0
Goa,2020-11-01,2020,11,24.0
Goa,2020-12-01,2020,12,15.0
Goa,2021-01-01,2021,1,34.0
Goa,2021-02-01,2021,2,47.0
Goa,2021-03-01,2021,3,85.0
Goa,2021-04-01,2021,4,56.0
Goa,2021-05-01,2021,5,35.0
Goa,2021-06-01,2021,6,43.0
Goa,2021-07-01,2021,7,78.0
Goa,2021-08-01,2021,8,45.0
Goa,2021-09-01,2021,9,117.0
Goa,2021-10-01,2021,10,201.0
Goa,2021-11-01,2021,11,203.0
Goa,2021-12-01,2021,12,177.0
Goa,2022-01-01,2022,1,220.0
Goa,2022-02-01,2022,2,329.0
Goa,2022-03-01,2022,3,329.0
Goa,2022-04-01,2022,4,422.0
Goa,2022-05-01,2022,5,496.0
Goa,2022-06-01,2022,6,438.0
Goa,2022-07-01,2022,7,679.0
Goa,2022-08-01,2022,8,348.0
Goa,2022-09-01,2022,9,446.0
Goa,2022-10-01,2022,10,735.0
Goa,2022-11-01,2022,11,623.0
Goa,2022-12-01,2022,12,561.0
Goa,2023-01-01,2023,1,710.0
Goa,2023-02-01,2023,2,719.0
Goa,2023-03-01,2023,3,955.0
Goa,2023-04-01,2023,4,756.0
Goa,2023-05-01,2023,5,991.0
Goa,2023-06-01,2023,6,616.0
Goa,2023-07-01,2023,7,653.0
Goa,2023-08-01,2023,8,809.0
Goa,2023-09-01,2023,9,632.0
Goa,2023-10-01,2023,10,660.0
Goa,2023-11-01,2023,11,1097.0
Goa,2023-12-01,2023,12,885.0
Goa,2024-01-01,2024,1,932.0
Goa,2024-02-01,2024,2,1097.0
Goa,2024-03-01,2024,3,1918.0
Goa,2024-04-01,2024,4,988.0
Goa,2024-05-01,2024,5,819.0
Gujarat,2019-01-01,2019,1,61.0
Gujarat,2019-02-01,2019,2,87.0
Gujarat,2019-03-01,2019,3,164.0
Gujarat,2019-04-01,2019,4,112.0
Gujarat,2019-05-01,2019,5,59.0
Gujarat,2019-06-01,2019,6,85.0
Gujarat,2019-07-01,2019,7,56.0
Gujarat,2019-08-01,2019,8,45.0
Gujarat,2019-09-01,2019,9,46.0
Gujarat,2019-10-01,2019,10,72.0
Gujarat,2019-11-01,2019,11,72.0
Gujarat,2019-12-01,2019,12,84.0
Gujarat,2020-01-01,2020,1,93.0
Gujarat,2020-02-01,2020,2,53.0
Gujarat,2020-03-01,2020,3,116.0
Gujarat,2020-04-01,2020,4,6.0
Gujarat,2020-06-01,2020,6,103.0
Gujarat,2020-07-01,2020,7,76.0
Gujarat,2020-08-01,2020,8,192.0
Gujarat,2020-09-01,2020,9,80.0
Gujarat,2020-10-01,2020,10,112.0
Gujarat,2020-11-01,2020,11,149.0
Gujarat,2020-12-01,2020,12,142.0
Gujarat,2021-01-01,2021,1,178.0
Gujarat,2021-02-01,2021,2,286.0
Gujarat,2021-03-01,2021,3,360.0
Gujarat,2021-04-01,2021,4,201.0
Gujarat,2021-05-01,2021,5,212.0
Gujarat,2021-06-01,2021,6,316.0
Gujarat,2021-07-01,2021,7,473.0
Gujarat,2021-08-01,2021,8,760.0
Gujarat,2021-09-01,2021,9,1168.0
Gujarat,2021-10-01,2021,10,1671.0
Gujarat,2021-11-01,2021,11,1754.0
Gujarat,2021-12-01,2021,12,2385.0
Gujarat,2022-01-01,2022,1,2383.0
Gujarat,2022-02-01,2022,2,2838.0
Gujarat,2022-03-01,2022,3,4877.0
Gujarat,2022-04-01,2022,4,6970.0
Gujarat,2022-05-01,2022,5,4670.0
Gujarat,2022-06-01,2022,6,5765.0
Gujarat,2022-07-01,2022,7,6055.0
Gujarat,2022-08-01,2022,8,5567.0
Gujarat,2022-09-01,2022,9,5774.0
Gujarat,2022-10-01,2022,10,6933.0
Gujarat,2022-11-01,2022,11,8809.0
Gujarat,2022-12-01,2022,12,8356.0
Gujarat,2023-01-01,2023,1,6386.0
Gujarat,2023-02-01,2023,2,7154.0
Gujarat,2023-03-01,2023,3,8683.0
Gujarat,2023-04-01,2023,4,9139.0
Gujarat,2023-05-01,2023,5,10565.0
Gujarat,2023-06-01,2023,6,4984.0
Gujarat,2023-07-01,2023,7,6298.0
Gujarat,2023-08-01,2023,8,6630.0
Gujarat,2023-09-01,2023,9,8175.0
Gujarat,2023-10-01,2023,10,9352.0
Gujarat,2023-11-01,2023,11,6286.0
Gujarat,2023-12-01,2023,12,4968.0
Gujarat,2024-01-01,2024,1,6288.0
Gujarat,2024-02-01,2024,2,5947.0
Gujarat,2024-03-01,2024,3,9807.0
Gujarat,2024-04-01,2024,4,4607.0
Gujarat,2024-05-01,2024,5,4660.0
Haryana,2019-01-01,2019,1,486.0
Haryana,2019-02-01,2019,2,416.0
Haryana,2019-03-01,2019,3,637.0
Haryana,2019-04-01,2019,4,556.0
Haryana,2019-05-01,2019,5,300.0
Haryana,2019-06-01,2019,6,235.0
Haryana,2019-07-01,2019,7,335.0
Haryana,2019-08-01,2019,8,379.0
Haryana,2019-09-01,2019,9,484.0
Haryana,2019-10-01,2019,10,383.0
Haryana,2019-11-01,2019,11,485.0
Haryana,2019-12-01,2019,12,412.0
Haryana,2020-01-01,2020,1,370.0
Haryana,2020-02-01,2020,2,433.0
Haryana,2020-03-01,2020,3,304.0
Haryana,2020-04-01,2020,4,48.0
Haryana,2020-05-01,2020,5,20.0
Haryana,2020-06-01,2020,6,135.0
Haryana,2020-07-01,2020,7,199.0
Haryana,2020-08-01,2020,8,285.0
Haryana,2020-09-01,2020,9,293.0
Haryana,2020-10-01,2020,10,228.0
Haryana,2020-11-01,2020,11,228.0
Haryana,2020-12-01,2020,12,438.0
Haryana,2021-01-01,2021,1,254.0
Haryana,2021-02-01,2021,2,374.0
Haryana,2021-03-01,2021,3,523.0
Haryana,2021-04-01,2021,4,490.0
Haryana,2021-05-01,2021,5,57.0
Haryana,2021-06-01,2021,6,352.0
Haryana,2021-07-01,2021,7,423.0
Haryana,2021-08-01,2021,8,860.0
Haryana,2021-09-01,2021,9,1263.0
Haryana,2021-10-01,2021,10,1172.0
Haryana,2021-11-01,2021,11,1479.0
Haryana,2021-12-01,2021,12,1396.0
Haryana,2022-01-01,2022,1,1288.0
Haryana,2022-02-01,2022,2,1256.0
Haryana,2022-03-01,2022,3,1781.0
Haryana,2022-04-01,2022,4,1969.0
Haryana,2022-05-01,2022,5,2276.0
Haryana,2022-06-01,2022,6,2192.0
Haryana,2022-07-01,2022,7,2037.0
Haryana,2022-08-01,2022,8,2388.0
Haryana,2022-09-01,2022,9,2247.0
Haryana,2022-10-01,2022,10,2740.0
Haryana,2022-11-01,2022,11,3042.0
Haryana,2022-12-01,2022,12,2577.0
Haryana,2023-01-01,2023,1,2212.0
Haryana,2023-02-01,2023,2,2316.0
Haryana,2023-03-01,2023,3,2643.0
Haryana,2023-04-01,2023,4,2643.0
Haryana,2023-05-01,2023,5,3068.0
Haryana,2023-06-01,2023,6,2457.0
Haryana,2023-07-01,2023,7,2178.0
Haryana,2023-08-01,2023,8,2473.0
Haryana,2023-09-01,2023,9,2065.0
Haryana,2023-10-01,2023,10,2715.0
Haryana,2023-11-01,2023,11,2402.0
Haryana,2023-12-01,2023,12,3278.0
Haryana,2024-01-01,2024,1,3584.0
Haryana,2024-02-01,2024,2,3025.0
Haryana,2024-03-01,2024,3,3575.0
Haryana,2024-04-01,2024,4,2549.0
Haryana,2024-05-01,2024,5,2809.0
Himachal Pradesh,2019-01-01,2019,1,2.0
Himachal Pradesh,2019-04-01,2019,4,14.0
Himachal Pradesh,2019-05-01,2019,5,16.0
Himachal Pradesh,2019-07-01,2019,7,1.0
Himachal Pradesh,2019-11-01,2019,11,22.0
Himachal Pradesh,2020-01-01,2020,1,16855.0
Himachal Pradesh,2020-02-01,2020,2,16637.0
Himachal Pradesh,2020-03-01,2020,3,14110.0
Himachal Pradesh,2020-04-01,2020,4,975.0
Himachal Pradesh,2020-05-01,2020,5,1310.0
Himachal Pradesh,2020-06-01,2020,6,6498.0
Himachal Pradesh,2020-07-01,2020,7,7805.0
Himachal Pradesh,2020-08-01,2020,8,8565.0
Himachal Pradesh,2020-09-01,2020,9,11371.0
Himachal Pradesh,2020-10-01,2020,10,11460.0
Himachal Pradesh,2020-11-01,2020,11,13406.0
Himachal Pradesh,2020-12-01,2020,12,15859.0
Himachal Pradesh,2021-01-01,2021,1,7.0
Himachal Pradesh,2021-02-01,2021,2,4.0
Himachal Pradesh,2021-03-01,2021,3,16.0
Himachal Pradesh,2021-04-01,2021,4,10.0
Himachal Pradesh,2021-05-01,2021,5,5.0
Himachal Pradesh,2021-06-01,2021,6,27.0
Himachal Pradesh,2021-07-01,2021,7,22.0
Himachal Pradesh,2021-08-01,2021,8,33.0
Himachal Pradesh,2021-09-01,2021,9,35.0
Himachal Pradesh,2021-10-01,2021,10,31.0
Himachal Pradesh,2021-11-01,2021,11,61.0
Himachal Pradesh,2021-12-01,2021,12,76.0
Himachal Pradesh,2022-01-01,2022,1,26.0
Himachal Pradesh,2022-02-01,2022,2,63.0
Himachal Pradesh,2022-03-01,2022,3,65.0
Himachal Pradesh,2022-04-01,2022,4,107.0
Himachal Pradesh,2022-05-01,2022,5,77.0
Himachal Pradesh,2022-06-01,2022,6,103.0
Himachal Pradesh,2022-07-01,2022,7,96.0
Himachal Pradesh,2022-08-01,2022,8,64.0
Himachal Pradesh,2022-09-01,2022,9,73.0
Himachal Pradesh,2022-10-01,2022,10,82.0
Himachal Pradesh,2022-11-01,2022,11,135.0
Himachal Pradesh,2022-12-01,2022,12,106.0
Himachal Pradesh,2023-01-01,2023,1,83.0
Himachal Pradesh,2023-02-01,2023,2,86.0
Himachal Pradesh,2023-03-01,2023,3,99.0
Himachal Pradesh,2023-04-01,2023,4,112.0
Himachal Pradesh,2023-05-01,2023,5,144.0
Himachal Pradesh,2023-06-01,2023,6,76.0
Himachal Pradesh,2023-07-01,2023,7,74.0
Himachal Pradesh,2023-08-01,2023,8,77.0
Himachal Pradesh,2023-09-01,2023,9,73.0
Himachal Pradesh,2023-10-01,2023,10,53.0
Himachal Pradesh,2023-11-01,2023,11,69.0
Himachal Pradesh,2023-12-01,2023,12,121.0
Himachal Pradesh,2024-01-01,2024,1,97.0
Himachal Pradesh,2024-02-01,2024,2,85.0
Himachal Pradesh,2024-03-01,2024,3,131.0
Himachal Pradesh,2024-04-01,2024,4,102.0
Himachal Pradesh,2024-05-01,2024,5,135.0
Jammu And Kashmir,2019-02-01,2019,2,2.0
Jammu And Kashmir,2019-03-01,2019,3,18.0
Jammu And Kashmir,2019-04-01,2019,4,7.0
Jammu And Kashmir,2019-05-01,2019,5,14.0
Jammu And Kashmir,2019-06-01,2019,6,11.0
Jammu And Kashmir,2019-07-01,2019,7,24.0
Jammu And Kashmir,2020-01-01,2020,1,1.0
Jammu And Kashmir,2020-03-01,2020,3,9.0
Jammu And Kashmir,2020-04-01,2020,4,5.0
Jammu And Kashmir,2020-06-01,2020,6,1.0
Jammu And Kashmir,2020-07-01,2020,7,5.0
Jammu And Kashmir,2020-08-01,2020,8,9.0
Jammu And Kashmir,2020-09-01,2020,9,6.0
Jammu And Kashmir,2020-10-01,2020,10,7.0
Jammu And Kashmir,2020-11-01,2020,11,18.0
Jammu And Kashmir,2020-12-01,2020,12,13.0
Jammu And Kashmir,2021-01-01,2021,1,12.0
Jammu And Kashmir,2021-03-01,2021,3,104.0
Jammu And Kashmir,2021-04-01,2021,4,22.0
Jammu And Kashmir,2021-05-01,2021,5,50.0
Jammu And Kashmir,2021-06-01,2021,6,88.0
Jammu And Kashmir,2021-07-01,2021,7,204.0
Jammu And Kashmir,2021-08-01,2021,8,122.0
Jammu And Kashmir,2021-09-01,2021,9,158.0
Jammu And Kashmir,2021-10-01,2021,10,201.0
Jammu And Kashmir,2021-11-01,2021,11,64.0
Jammu And Kashmir,2021-12-01,2021,12,121.0
Jammu And Kashmir,2022-01-01,2022,1,88.0
Jammu And Kashmir,2022-02-01,2022,2,164.0
Jammu And Kashmir,2022-03-01,2022,3,272.0
Jammu And Kashmir,2022-04-01,2022,4,200.0
Jammu And Kashmir,2022-05-01,2022,5,245.0
Jammu And Kashmir,2022-06-01,2022,6,309.0
Jammu And Kashmir,2022-07-01,2022,7,647.0
Jammu And Kashmir,2022-08-01,2022,8,517.0
Jammu And Kashmir,2022-09-01,2022,9,597.0
Jammu And Kashmir,2022-10-01,2022,10,579.0
Jammu And Kashmir,2022-11-01,2022,11,533.0
Jammu And Kashmir,2022-12-01,2022,12,539.0
Jammu And Kashmir,2023-01-01,2023,1,357.0
Jammu And Kashmir,2023-02-01,2023,2,510.0
Jammu And Kashmir,2023-03-01,2023,3,609.0
Jammu And Kashmir,2023-04-01,2023,4,565.0
Jammu And Kashmir,2023-05-01,2023,5,899.0
Jammu And Kashmir,2023-06-01,2023,6,845.0
Jammu And Kashmir,2023-07-01,2023,7,885.0
Jammu And Kashmir,2023-08-01,2023,8,959.0
Jammu And Kashmir,2023-09-01,2023,9,946.0
Jammu And Kashmir,2023-10-01,2023,10,1042.0
Jammu And Kashmir,2023-11-01,2023,11,1149.0
Jammu And Kashmir,2023-12-01,2023,12,984.0
Jammu And Kashmir,2024-01-01,2024,1,1040.0
Jammu And Kashmir,2024-02-01,2024,2,1092.0
Jammu And Kashmir,2024-03-01,2024,3,1246.0
Jammu And Kashmir,2024-04-01,2024,4,735.0
Jammu And Kashmir,2024-05-01,2024,5,749.0
Jharkhand,2019-01-01,2019,1,229.0
Jharkhand,2019-02-01,2019,2,164.0
Jharkhand,2019-03-01,2019,3,113.0
Jharkhand,2019-04-01,2019,4,179.0
Jharkhand,2019-05-01,2019,5,124.0
Jharkhand,2019-06-01,2019,6,162.0
Jharkhand,2019-07-01,2019,7,189.0
Jharkhand,2019-08-01,2019,8,158.0
Jharkhand,2019-09-01,2019,9,291.0
Jharkhand,2019-10-01,2019,10,213.0
Jharkhand,2019-11-01,2019,11,250.0
Jharkhand,2019-12-01,2019,12,272.0
Jharkhand,2020-01-01,2020,1,177.0
Jharkhand,2020-02-01,2020,2,201.0
Jharkhand,2020-03-01,2020,3,236.0
Jharkhand,2020-04-01,2020,4,24.0
Jharkhand,2020-05-01,2020,5,2.0
Jharkhand,2020-06-01,2020,6,59.0
Jharkhand,2020-07-01,2020,7,207.0
Jharkhand,2020-08-01,2020,8,80.0
Jharkhand,2020-09-01,2020,9,128.0
Jharkhand,2020-10-01,2020,10,98.0
Jharkhand,2020-11-01,2020,11,157.0
Jharkhand,2020-12-01,2020,12,147.0
Jharkhand,2021-01-01,2021,1,167.0
Jharkhand,2021-02-01,2021,2,158.0
Jharkhand,2021-03-01,2021,3,311.0
Jharkhand,2021-04-01,2021,4,166.0
Jharkhand,2021-05-01,2021,5,73.0
Jharkhand,2021-06-01,2021,6,150.0
Jharkhand,2021-07-01,2021,7,251.0
Jharkhand,2021-08-01,2021,8,290.0
Jharkhand,2021-09-01,2021,9,407.0
Jharkhand,2021-10-01,2021,10,485.0
Jharkhand,2021-11-01,2021,11,631.0
Jharkhand,2021-12-01,2021,12,652.0
Jharkhand,2022-01-01,2022,1,592.0
Jharkhand,2022-02-01,2022,2,628.0
Jharkhand,2022-03-01,2022,3,954.0
Jharkhand,2022-04-01,2022,4,822.0
Jharkhand,2022-05-01,2022,5,781.0
Jharkhand,2022-06-01,2022,6,928.0
Jharkhand,2022-07-01,2022,7,1332.0
Jharkhand,2022-08-01,2022,8,1264.0
Jharkhand,2022-09-01,2022,9,1202.0
Jharkhand,2022-10-01,2022,10,1662.0
Jharkhand,2022-11-01,2022,11,1823.0
Jharkhand,2022-12-01,2022,12,1694.0
Jharkhand,2023-01-01,2023,1,1288.0
Jharkhand,2023-02-01,2023,2,1605.0
Jharkhand,2023-03-01,2023,3,1673.0
Jharkhand,2023-04-01,2023,4,1583.0
Jharkhand,2023-05-01,2023,5,1592.0
Jharkhand,2023-06-01,2023,6,1541.0
Jharkhand,2023-07-01,2023,7,1918.0
Jharkhand,2023-08-01,2023,8,1657.0
Jharkhand,2023-09-01,2023,9,1918.0
Jharkhand,2023-10-01,2023,10,1857.0
Jharkhand,2023-11-01,2023,11,2356.0
Jharkhand,2023-12-01,2023,12,2138.0
Jharkhand,2024-01-01,2024,1,1696.0
Jharkhand,2024-02-01,2024,2,1847.0
Jharkhand,2024-03-01,2024,3,2233.0
Jharkhand,2024-04-01,2024,4,1476.0
Jharkhand,2024-05-01,2024,5,1619.0
Karnataka,2019-01-01,2019,1,444.0
Karnataka,2019-02-01,2019,2,361.0
Karnataka,2019-03-01,2019,3,1074.0
Karnataka,2019-04-01,2019,4,196.0
Karnataka,2019-05-01,2019,5,337.0
Karnataka,2019-06-01,2019,6,667.0
Karnataka,2019-07-01,2019,7,504.0
Karnataka,2019-08-01,2019,8,409.0
Karnataka,2019-09-01,2019,9,353.0
Karnataka,2019-10-01,2019,10,443.0
Karnataka,2019-11-01,2019,11,725.0
Karnataka,2019-12-01,2019,12,705.0
Karnataka,2020-01-01,2020,1,1204.0
Karnataka,2020-02-01,2020,2,738.0
Karnataka,2020-03-01,2020,3,901.0
Karnataka,2020-04-01,2020,4,5.0
Karnataka,2020-05-01,2020,5,331.0
Karnataka,2020-06-01,2020,6,491.0
Karnataka,2020-07-01,2020,7,440.0
Karnataka,2020-08-01,2020,8,647.0
Karnataka,2020-09-01,2020,9,777.0
Karnataka,2020-10-01,2020,10,1251.0
Karnataka,2020-11-01,2020,11,1336.0
Karnataka,2020-12-01,2020,12,1572.0
Karnataka,2021-01-01,2021,1,1785.0
Karnataka,2021-02-01,2021,2,1699.0
Karnataka,2021-03-01,2021,3,2656.0
Karnataka,2021-04-01,2021,4,1775.0
Karnataka,2021-05-01,2021,5,143.0
Karnataka,2021-06-01,2021,6,697.0
Karnataka,2021-07-01,2021,7,3860.0
Karnataka,2021-08-01,2021,8,3658.0
Karnataka,2021-09-01,2021,9,4099.0
Karnataka,2021-10-01,2021,10,4155.0
Karnataka,2021-11-01,2021,11,3892.0
Karnataka,2021-12-01,2021,12,4883.0
Karnataka,2022-01-01,2022,1,4949.0
Karnataka,2022-02-01,2022,2,6167.0
Karnataka,2022-03-01,2022,3,7865.0
Karnataka,2022-04-01,2022,4,9456.0
Karnataka,2022-05-01,2022,5,6471.0
Karnataka,2022-06-01,2022,6,7528.0
Karnataka,2022-07-01,2022,7,6312.0
Karnataka,2022-08-01,2022,8,8227.0
Karnataka,2022-09-01,2022,9,8585.0
Karnataka,2022-10-01,2022,10,10779.0
Karnataka,2022-11-01,2022,11,10951.0
Karnataka,2022-12-01,2022,12,8563.0
Karnataka,2023-01-01,2023,1,10985.0
Karnataka,2023-02-01,2023,2,11261.0
Karnataka,2023-03-01,2023,3,14906.0
Karnataka,2023-04-01,2023,4,10964.0
Karnataka,2023-05-01,2023,5,18893.0
Karnataka,2023-06-01,2023,6,9458.0
Karnataka,2023-07-01,2023,7,11623.0
Karnataka,2023-08-01,2023,8,11439.0
Karnataka,2023-09-01,2023,9,12184.0
Karnataka,2023-10-01,2023,10,12994.0
Karnataka,2023-11-01,2023,11,15895.0
Karnataka,2023-12-01,2023,12,12079.0
Karnataka,2024-01-01,2024,1,14468.0
Karnataka,2024-02-01,2024,2,14377.0
Karnataka,2024-03-01,2024,3,25810.0
Karnataka,2024-04-01,2024,4,8538.0
Karnataka,2024-05-01,2024,5,9346.0
Kerala,2019-01-01,2019,1,79.0
Kerala,2019-02-01,2019,2,37.0
Kerala,2019-03-01,2019,3,30.0
Kerala,2019-04-01,2019,4,24.0
Kerala,2019-05-01,2019,5,27.0
Kerala,2019-06-01,2019,6,26.0
Kerala,2019-07-01,2019,7,20.0
Kerala,2019-08-01,2019,8,17.0
Kerala,2019-09-01,2019,9,36.0
Kerala,2019-10-01,2019,10,21.0
Kerala,2019-11-01,2019,11,64.0
Kerala,2019-12-01,2019,12,91.0
Kerala,2020-01-01,2020,1,16955.0
Kerala,2020-02-01,2020,2,16677.0
Kerala,2020-03-01,2020,3,14160.0
Kerala,2020-04-01,2020,4,977.0
Kerala,2020-05-01,2020,5,1332.0
Kerala,2020-06-01,2020,6,6535.0
Kerala,2020-07-01,2020,7,7850.0
Kerala,2020-08-01,2020,8,8665.0
Kerala,2020-09-01,2020,9,11537.0
Kerala,2020-10-01,2020,10,11666.0
Kerala,2020-11-01,2020,11,13599.0
Kerala,2020-12-01,2020,12,16069.0
Kerala,2021-01-01,2021,1,17354.0
Kerala,2021-02-01,2021,2,20479.0
Kerala,2021-03-01,2021,3,28643.0
Kerala,2021-04-01,2021,4,15689.0
Kerala,2021-05-01,2021,5,3843.0
Kerala,2021-06-01,2021,6,12741.0
Kerala,2021-07-01,2021,7,28882.0
Kerala,2021-08-01,2021,8,31694.0
Kerala,2021-09-01,2021,9,37622.0
Kerala,2021-10-01,2021,10,42051.0
Kerala,2021-11-01,2021,11,46351.0
Kerala,2021-12-01,2021,12,55102.0
Kerala,2022-01-01,2022,1,53242.0
Kerala,2022-02-01,2022,2,60293.0
Kerala,2022-03-01,2022,3,86439.0
Kerala,2022-04-01,2022,4,80957.0
Kerala,2022-05-01,2022,5,72711.0
Kerala,2022-06-01,2022,6,79009.0
Kerala,2022-07-01,2022,7,83357.0
Kerala,2022-08-01,2022,8,92580.0
Kerala,2022-09-01,2022,9,98597.0
Kerala,2022-10-01,2022,10,121714.0
Kerala,2022-11-01,2022,11,125784.0
Kerala,2022-12-01,2022,12,109521.0
Kerala,2023-01-01,2023,1,5224.0
Kerala,2023-02-01,2023,2,6479.0
Kerala,2023-03-01,2023,3,8236.0
Kerala,2023-04-01,2023,4,5630.0
Kerala,2023-05-01,2023,5,8664.0
Kerala,2023-06-01,2023,6,5200.0
Kerala,2023-07-01,2023,7,5291.0
Kerala,2023-08-01,2023,8,6089.0
Kerala,2023-09-01,2023,9,5736.0
Kerala,2023-10-01,2023,10,6271.0
Kerala,2023-11-01,2023,11,6685.0
Kerala,2023-12-01,2023,12,6281.0
Kerala,2024-01-01,2024,1,8046.0
Kerala,2024-02-01,2024,2,6942.0
Kerala,2024-03-01,2024,3,10123.0
Kerala,2024-04-01,2024,4,4742.0
Kerala,2024-05-01,2024,5,5491.0
Ladakh,2021-10-01,2021,10,6.0
Ladakh,2022-01-01,2022,1,6.0
Ladakh,2022-06-01,2022,6,2.0
Ladakh,2022-08-01,2022,8,9.0
Ladakh,2022-11-01,2022,11,8.0
Ladakh,2022-12-01,2022,12,2.0
Ladakh,2023-01-01,2023,1,1.0
Ladakh,2023-05-01,2023,5,14.0
Ladakh,2023-06-01,2023,6,3.0
Ladakh,2023-07-01,2023,7,1.0
Ladakh,2023-09-01,2023,9,9.0
Ladakh,2024-01-01,2024,1,14.0
Madhya Pradesh,2019-01-01,2019,1,339.0
Madhya Pradesh,2019-02-01,2019,2,354.0
Madhya Pradesh,2019-03-01,2019,3,386.0
Madhya Pradesh,2019-04-01,2019,4,331.0
Madhya Pradesh,2019-05-01,2019,5,220.0
Madhya Pradesh,2019-06-01,2019,6,203.0
Madhya Pradesh,2019-07-01,2019,7,197.0
Madhya Pradesh,2019-08-01,2019,8,285.0
Madhya Pradesh,2019-09-01,2019,9,252.0
Madhya Pradesh,2019-10-01,2019,10,406.0
Madhya Pradesh,2019-11-01,2019,11,381.0
Madhya Pradesh,2019-12-01,2019,12,344.0
Madhya Pradesh,2020-01-01,2020,1,17161.0
Madhya Pradesh,2020-02-01,2020,2,16880.0
Madhya Pradesh,2020-03-01,2020,3,14385.0
Madhya Pradesh,2020-04-01,2020,4,1033.0
Madhya Pradesh,2020-05-01,2020,5,2652.0
Madhya Pradesh,2020-06-01,2020,6,6689.0
Madhya Pradesh,2020-07-01,2020,7,7986.0
Madhya Pradesh,2020-08-01,2020,8,8788.0
Madhya Pradesh,2020-09-01,2020,9,11755.0
Madhya Pradesh,2020-10-01,2020,10,11816.0
Madhya Pradesh,2020-11-01,2020,11,13719.0
Madhya Pradesh,2020-12-01,2020,12,16423.0
Madhya Pradesh,2021-01-01,2021,1,503.0
Madhya Pradesh,2021-02-01,2021,2,498.0
Madhya Pradesh,2021-03-01,2021,3,968.0
Madhya Pradesh,2021-04-01,2021,4,221.0
Madhya Pradesh,2021-05-01,2021,5,3606.0
Madhya Pradesh,2021-06-01,2021,6,556.0
Madhya Pradesh,2021-07-01,2021,7,886.0
Madhya Pradesh,2021-08-01,2021,8,973.0
Madhya Pradesh,2021-09-01,2021,9,1297.0
Madhya Pradesh,2021-10-01,2021,10,1090.0
Madhya Pradesh,2021-11-01,2021,11,1686.0
Madhya Pradesh,2021-12-01,2021,12,1760.0
Madhya Pradesh,2022-01-01,2022,1,1539.0
Madhya Pradesh,2022-02-01,2022,2,1605.0
Madhya Pradesh,2022-03-01,2022,3,2498.0
Madhya Pradesh,2022-04-01,2022,4,2023.0
Madhya Pradesh,2022-05-01,2022,5,2303.0
Madhya Pradesh,2022-06-01,2022,6,2542.0
Madhya Pradesh,2022-07-01,2022,7,2870.0
Madhya Pradesh,2022-08-01,2022,8,3065.0
Madhya Pradesh,2022-09-01,2022,9,3580.0
Madhya Pradesh,2022-10-01,2022,10,4842.0
Madhya Pradesh,2022-11-01,2022,11,5322.0
Madhya Pradesh,2022-12-01,2022,12,4620.0
Madhya Pradesh,2023-01-01,2023,1,4104.0
Madhya Pradesh,2023-02-01,2023,2,3866.0
Madhya Pradesh,2023-03-01,2023,3,6180.0
Madhya Pradesh,2023-04-01,2023,4,3436.0
Madhya Pradesh,2023-05-01,2023,5,6367.0
Madhya Pradesh,2023-06-01,2023,6,4423.0
Madhya Pradesh,2023-07-01,2023,7,5466.0
Madhya Pradesh,2023-08-01,2023,8,7215.0
Madhya Pradesh,2023-09-01,2023,9,6120.0
Madhya Pradesh,2023-10-01,2023,10,6293.0
Madhya Pradesh,2023-11-01,2023,11,8198.0
Madhya Pradesh,2023-12-01,2023,12,6287.0
Madhya Pradesh,2024-01-01,2024,1,6885.0
Madhya Pradesh,2024-02-01,2024,2,7021.0
Madhya Pradesh,2024-03-01,2024,3,8816.0
Madhya Pradesh,2024-04-01,2024,4,4551.0
Madhya Pradesh,2024-05-01,2024,5,4888.0
Maharashtra,2019-01-01,2019,1,752.0
Maharashtra,2019-02-01,2019,2,723.0
Maharashtra,2019-03-01,2019,3,963.0
Maharashtra,2019-04-01,2019,4,820.0
Maharashtra,2019-05-01,2019,5,666.0
Maharashtra,2019-06-01,2019,6,526.0
Maharashtra,2019-07-01,2019,7,452.0
Maharashtra,2019-08-01,2019,8,525.0
Maharashtra,2019-09-01,2019,9,498.0
Maharashtra,2019-10-01,2019,10,559.0
Maharashtra,2019-11-01,2019,11,929.0
Maharashtra,2019-12-01,2019,12,528.0
Maharashtra,2020-01-01,2020,1,737.0
Maharashtra,2020-02-01,2020,2,794.0
Maharashtra,2020-03-01,2020,3,840.0
Maharashtra,2020-04-01,2020,4,9.0
Maharashtra,2020-05-01,2020,5,133.0
Maharashtra,2020-06-01,2020,6,313.0
Maharashtra,2020-07-01,2020,7,416.0
Maharashtra,2020-08-01,2020,8,491.0
Maharashtra,2020-09-01,2020,9,610.0
Maharashtra,2020-10-01,2020,10,713.0
Maharashtra,2020-11-01,2020,11,987.0
Maharashtra,2020-12-01,2020,12,1099.0
Maharashtra,2021-01-01,2021,1,1121.0
Maharashtra,2021-02-01,2021,2,1428.0
Maharashtra,2021-03-01,2021,3,2096.0
Maharashtra,2021-04-01,2021,4,683.0
Maharashtra,2021-05-01,2021,5,352.0
Maharashtra,2021-06-01,2021,6,1168.0
Maharashtra,2021-07-01,2021,7,2543.0
Maharashtra,2021-08-01,2021,8,2837.0
Maharashtra,2021-09-01,2021,9,2559.0
Maharashtra,2021-10-01,2021,10,4116.0
Maharashtra,2021-11-01,2021,11,4497.0
Maharashtra,2021-12-01,2021,12,6514.0
Maharashtra,2022-01-01,2022,1,5758.0
Maharashtra,2022-02-01,2022,2,8201.0
Maharashtra,2022-03-01,2022,3,12216.0
Maharashtra,2022-04-01,2022,4,8195.0
Maharashtra,2022-05-01,2022,5,10171.0
Maharashtra,2022-06-01,2022,6,9546.0
Maharashtra,2022-07-01,2022,7,10004.0
Maharashtra,2022-08-01,2022,8,11368.0
Maharashtra,2022-09-01,2022,9,12281.0
Maharashtra,2022-10-01,2022,10,17900.0
Maharashtra,2022-11-01,2022,11,15538.0
Maharashtra,2022-12-01,2022,12,14849.0
Maharashtra,2023-01-01,2023,1,15496.0
Maharashtra,2023-02-01,2023,2,13828.0
Maharashtra,2023-03-01,2023,3,19510.0
Maharashtra,2023-04-01,2023,4,14598.0
Maharashtra,2023-05-01,2023,5,22817.0
Maharashtra,2023-06-01,2023,6,10724.0
Maharashtra,2023-07-01,2023,7,12220.0
Maharashtra,2023-08-01,2023,8,14383.0
Maharashtra,2023-09-01,2023,9,14158.0
Maharashtra,2023-10-01,2023,10,18466.0
Maharashtra,2023-11-01,2023,11,21438.0
Maharashtra,2023-12-01,2023,12,16734.0
Maharashtra,2024-01-01,2024,1,18895.0
Maharashtra,2024-02-01,2024,2,18053.0
Maharashtra,2024-03-01,2024,3,29857.0
Maharashtra,2024-04-01,2024,4,13908.0
Maharashtra,2024-05-01,2024,5,13514.0
Manipur,2019-01-01,2019,1,5.0
Manipur,2019-02-01,2019,2,20.0
Manipur,2019-03-01,2019,3,9.0
Manipur,2019-04-01,2019,4,3.0
Manipur,2019-05-01,2019,5,14.0
Manipur,2019-06-01,2019,6,28.0
Manipur,2019-07-01,2019,7,36.0
Manipur,2019-08-01,2019,8,44.0
Manipur,2019-09-01,2019,9,15.0
Manipur,2019-10-01,2019,10,30.0
Manipur,2019-11-01,2019,11,19.0
Manipur,2019-12-01,2019,12,29.0
Manipur,2020-01-01,2020,1,25.0
Manipur,2020-02-01,2020,2,55.0
Manipur,2020-03-01,2020,3,20.0
Manipur,2020-04-01,2020,4,1.0
Manipur,2020-05-01,2020,5,1310.0
Manipur,2020-09-01,2020,9,1.0
Manipur,2020-12-01,2020,12,2.0
Manipur,2021-01-01,2021,1,2.0
Manipur,2021-02-01,2021,2,1.0
Manipur,2021-03-01,2021,3,9.0
Manipur,2021-04-01,2021,4,20.0
Manipur,2021-07-01,2021,7,15.0
Manipur,2021-08-01,2021,8,38.0
Manipur,2021-09-01,2021,9,6.0
Manipur,2021-10-01,2021,10,12.0
Manipur,2021-11-01,2021,11,4.0
Manipur,2021-12-01,2021,12,7.0
Manipur,2022-01-01,2022,1,9.0
Manipur,2022-02-01,2022,2,12.0
Manipur,2022-03-01,2022,3,6.0
Manipur,2022-04-01,2022,4,3.0
Manipur,2022-05-01,2022,5,4.0
Manipur,2022-06-01,2022,6,13.0
Manipur,2022-07-01,2022,7,26.0
Manipur,2022-08-01,2022,8,32.0
Manipur,2022-09-01,2022,9,15.0
Manipur,2022-10-01,2022,10,64.0
Manipur,2022-11-01,2022,11,50.0
Manipur,2022-12-01,2022,12,107.0
Manipur,2023-01-01,2023,1,86.0
Manipur,2023-02-01,2023,2,96.0
Manipur,2023-03-01,2023,3,45.0
Manipur,2023-04-01,2023,4,69.0
Manipur,2023-05-01,2023,5,24.0
Manipur,2023-06-01,2023,6,4.0
Manipur,2023-07-01,2023,7,12.0
Manipur,2023-08-01,2023,8,22.0
Manipur,2023-09-01,2023,9,2.0
Manipur,2023-10-01,2023,10,12.0
Manipur,2023-11-01,2023,11,13.0
Manipur,2023-12-01,2023,12,14.0
Manipur,2024-01-01,2024,1,29.0
Manipur,2024-02-01,2024,2,50.0
Manipur,2024-03-01,2024,3,18.0
Manipur,2024-04-01,2024,4,10.0
Manipur,2024-05-01,2024,5,28.0
Meghalaya,2019-03-01,2019,3,2.0
Meghalaya,2019-06-01,2019,6,1.0
Meghalaya,2019-07-01,2019,7,1.0
Meghalaya,2019-08-01,2019,8,2.0
Meghalaya,2019-09-01,2019,9,5.0
Meghalaya,2019-10-01,2019,10,1.0
Meghalaya,2019-11-01,2019,11,1.0
Meghalaya,2020-01-01,2020,1,1.0
Meghalaya,2020-02-01,2020,2,1.0
Meghalaya,2020-11-01,2020,11,1.0
Meghalaya,2021-04-01,2021,4,1.0
Meghalaya,2021-05-01,2021,5,1.0
Meghalaya,2021-07-01,2021,7,2.0
Meghalaya,2021-11-01,2021,11,1.0
Meghalaya,2022-01-01,2022,1,1.0
Meghalaya,2022-02-01,2022,2,2.0
Meghalaya,2022-03-01,2022,3,3.0
Meghalaya,2022-04-01,2022,4,7.0
Meghalaya,2022-05-01,2022,5,3.0
Meghalaya,2022-06-01,2022,6,3.0
Meghalaya,2022-07-01,2022,7,5.0
Meghalaya,2022-08-01,2022,8,2.0
Meghalaya,2022-09-01,2022,9,5.0
Meghalaya,2022-10-01,2022,10,6.0
Meghalaya,2022-11-01,2022,11,3.0
Meghalaya,2022-12-01,2022,12,1.0
Meghalaya,2023-01-01,2023,1,7.0
Meghalaya,2023-02-01,2023,2,4.0
Meghalaya,2023-03-01,2023,3,4.0
Meghalaya,2023-04-01,2023,4,5.0
Meghalaya,2023-05-01,2023,5,10.0
Meghalaya,2023-06-01,2023,6,7.0
Meghalaya,2023-07-01,2023,7,23.0
Meghalaya,2023-08-01,2023,8,22.0
Meghalaya,2023-09-01,2023,9,14.0
Meghalaya,2023-10-01,2023,10,4.0
Meghalaya,2023-11-01,2023,11,11.0
Meghalaya,2023-12-01,2023,12,4.0
Meghalaya,2024-01-01,2024,1,28.0
Meghalaya,2024-02-01,2024,2,30.0
Meghalaya,2024-03-01,2024,3,339.0
Meghalaya,2024-04-01,2024,4,71.0
Meghalaya,2024-05-01,2024,5,32.0
Mizoram,2019-10-01,2019,10,1.0
Mizoram,2020-07-01,2020,7,1.0
Mizoram,2021-05-01,2021,5,3605.0
Mizoram,2021-10-01,2021,10,1.0
Mizoram,2022-05-01,2022,5,1.0
Mizoram,2022-06-01,2022,6,2.0
Mizoram,2022-07-01,2022,7,1.0
Mizoram,2022-08-01,2022,8,6.0
Mizoram,2022-09-01,2022,9,4.0
Mizoram,2022-10-01,2022,10,3.0
Mizoram,2022-11-01,2022,11,8.0
Mizoram,2022-12-01,2022,12,11.0
Mizoram,2023-01-01,2023,1,10.0
Mizoram,2023-02-01,2023,2,9.0
Mizoram,2023-03-01,2023,3,10.0
Mizoram,2023-04-01,2023,4,8.0
Mizoram,2023-05-01,2023,5,14.0
Mizoram,2023-06-01,2023,6,4.0
Mizoram,2023-07-01,2023,7,6.0
Mizoram,2023-08-01,2023,8,4.0
Mizoram,2023-09-01,2023,9,6.0
Mizoram,2023-10-01,2023,10,36.0
Mizoram,2023-11-01,2023,11,35.0
Mizoram,2023-12-01,2023,12,24.0
Mizoram,2024-01-01,2024,1,29.0
Mizoram,2024-02-01,2024,2,51.0
Mizoram,2024-03-01,2024,3,58.0
Mizoram,2024-04-01,2024,4,23.0
Mizoram,2024-05-01,2024,5,48.0
Nagaland,2019-05-01,2019,5,1.0
Nagaland,2020-03-01,2020,3,10.0
Nagaland,2020-11-01,2020,11,1.0
Nagaland,2021-01-01,2021,1,1.0
Nagaland,2021-09-01,2021,9,1.0
Nagaland,2022-04-01,2022,4,2.0
Nagaland,2022-05-01,2022,5,1.0
Nagaland,2023-04-01,2023,4,1.0
Nagaland,2023-07-01,2023,7,2.0
Nagaland,2023-09-01,2023,9,1.0
Nagaland,2023-11-01,2023,11,2.0
Nagaland,2024-02-01,2024,2,1.0
Nagaland,2024-03-01,2024,3,1.0
Nagaland,2024-05-01,2024,5,1.0
Odisha,2019-01-01,2019,1,124.0
Odisha,2019-02-01,2019,2,105.0
Odisha,2019-03-01,2019,3,179.0
Odisha,2019-04-01,2019,4,101.0
Odisha,2019-05-01,2019,5,46.0
Odisha,2019-06-01,2019,6,61.0
Odisha,2019-07-01,2019,7,81.0
Odisha,2019-08-01,2019,8,77.0
Odisha,2019-09-01,2019,9,76.0
Odisha,2019-10-01,2019,10,96.0
Odisha,2019-11-01,2019,11,138.0
Odisha,2019-12-01,2019,12,75.0
Odisha,2020-01-01,2020,1,978.0
Odisha,2020-02-01,2020,2,975.0
Odisha,2020-03-01,2020,3,988.0
Odisha,2020-04-01,2020,4,909.0
Odisha,2020-05-01,2020,5,926.0
Odisha,2020-06-01,2020,6,964.0
Odisha,2020-07-01,2020,7,54.0
Odisha,2020-08-01,2020,8,61.0
Odisha,2020-09-01,2020,9,134.0
Odisha,2020-10-01,2020,10,86.0
Odisha,2020-11-01,2020,11,128.0
Odisha,2020-12-01,2020,12,119.0
Odisha,2021-01-01,2021,1,1048.0
Odisha,2021-02-01,2021,2,1104.0
Odisha,2021-03-01,2021,3,1221.0
Odisha,2021-04-01,2021,4,1119.0
Odisha,2021-05-01,2021,5,943.0
Odisha,2021-06-01,2021,6,1101.0
Odisha,2021-07-01,2021,7,363.0
Odisha,2021-08-01,2021,8,514.0
Odisha,2021-09-01,2021,9,539.0
Odisha,2021-10-01,2021,10,1024.0
Odisha,2021-11-01,2021,11,953.0
Odisha,2021-12-01,2021,12,1050.0
Odisha,2022-01-01,2022,1,2691.0
Odisha,2022-02-01,2022,2,2614.0
Odisha,2022-03-01,2022,3,3756.0
Odisha,2022-04-01,2022,4,3632.0
Odisha,2022-05-01,2022,5,3151.0
Odisha,2022-06-01,2022,6,2654.0
Odisha,2022-07-01,2022,7,2039.0
Odisha,2022-08-01,2022,8,2216.0
Odisha,2022-09-01,2022,9,2433.0
Odisha,2022-10-01,2022,10,3979.0
Odisha,2022-11-01,2022,11,3318.0
Odisha,2022-12-01,2022,12,2746.0
Odisha,2023-01-01,2023,1,3928.0
Odisha,2023-02-01,2023,2,3966.0
Odisha,2023-03-01,2023,3,4664.0
Odisha,2023-04-01,2023,4,4304.0
Odisha,2023-05-01,2023,5,5257.0
Odisha,2023-06-01,2023,6,3760.0
Odisha,2023-07-01,2023,7,3361.0
Odisha,2023-08-01,2023,8,3317.0
Odisha,2023-09-01,2023,9,3611.0
Odisha,2023-10-01,2023,10,4739.0
Odisha,2023-11-01,2023,11,5070.0
Odisha,2023-12-01,2023,12,5024.0
Odisha,2024-01-01,2024,1,5174.0
Odisha,2024-02-01,2024,2,5158.0
Odisha,2024-03-01,2024,3,8498.0
Odisha,2024-04-01,2024,4,5404.0
Odisha,2024-05-01,2024,5,5476.0
Puducherry,2019-01-01,2019,1,12.0
Puducherry,2019-02-01,2019,2,10.0
Puducherry,2019-03-01,2019,3,13.0
Puducherry,2019-04-01,2019,4,2.0
Puducherry,2019-05-01,2019,5,6.0
Puducherry,2019-06-01,2019,6,3.0
Puducherry,2019-07-01,2019,7,6.0
Puducherry,2019-08-01,2019,8,2.0
Puducherry,2019-09-01,2019,9,3.0
Puducherry,2019-10-01,2019,10,7.0
Puducherry,2019-11-01,2019,11,11.0
Puducherry,2019-12-01,2019,12,5.0
Puducherry,2020-01-01,2020,1,9.0
Puducherry,2020-02-01,2020,2,3.0
Puducherry,2020-03-01,2020,3,6.0
Puducherry,2020-05-01,2020,5,2.0
Puducherry,2020-06-01,2020,6,4.0
Puducherry,2020-07-01,2020,7,5.0
Puducherry,2020-08-01,2020,8,4.0
Puducherry,2020-09-01,2020,9,12.0
Puducherry,2020-10-01,2020,10,11.0
Puducherry,2020-11-01,2020,11,20.0
Puducherry,2020-12-01,2020,12,13.0
Puducherry,2021-01-01,2021,1,13.0
Puducherry,2021-02-01,2021,2,15.0
Puducherry,2021-03-01,2021,3,34.0
Puducherry,2021-04-01,2021,4,19.0
Puducherry,2021-05-01,2021,5,5.0
Puducherry,2021-06-01,2021,6,31.0
Puducherry,2021-07-01,2021,7,38.0
Puducherry,2021-08-01,2021,8,35.0
Puducherry,2021-09-01,2021,9,52.0
Puducherry,2021-10-01,2021,10,32.0
Puducherry,2021-11-01,2021,11,48.0
Puducherry,2021-12-01,2021,12,83.0
Puducherry,2022-01-01,2022,1,96.0
Puducherry,2022-02-01,2022,2,121.0
Puducherry,2022-03-01,2022,3,186.0
Puducherry,2022-04-01,2022,4,86.0
Puducherry,2022-05-01,2022,5,69.0
Puducherry,2022-06-01,2022,6,95.0
Puducherry,2022-07-01,2022,7,76.0
Puducherry,2022-08-01,2022,8,99.0
Puducherry,2022-09-01,2022,9,120.0
Puducherry,2022-10-01,2022,10,184.0
Puducherry,2022-11-01,2022,11,162.0
Puducherry,2022-12-01,2022,12,187.0
Puducherry,2023-01-01,2023,1,203.0
Puducherry,2023-02-01,2023,2,187.0
Puducherry,2023-03-01,2023,3,271.0
Puducherry,2023-04-01,2023,4,163.0
Puducherry,2023-05-01,2023,5,400.0
Puducherry,2023-06-01,2023,6,154.0
Puducherry,2023-07-01,2023,7,210.0
Puducherry,2023-08-01,2023,8,229.0
Puducherry,2023-09-01,2023,9,156.0
Puducherry,2023-10-01,2023,10,207.0
Puducherry,2023-11-01,2023,11,211.0
Puducherry,2023-12-01,2023,12,247.0
Puducherry,2024-01-01,2024,1,331.0
Puducherry,2024-02-01,2024,2,419.0
Puducherry,2024-03-01,2024,3,522.0
Puducherry,2024-04-01,2024,4,285.0
Puducherry,2024-05-01,2024,5,293.0
Punjab,2019-01-01,2019,1,66.0
Punjab,2019-02-01,2019,2,168.0
Punjab,2019-03-01,2019,3,199.0
Punjab,2019-04-01,2019,4,46.0
Punjab,2019-05-01,2019,5,20.0
Punjab,2019-06-01,2019,6,22.0
Punjab,2019-07-01,2019,7,31.0
Punjab,2019-08-01,2019,8,26.0
Punjab,2019-09-01,2019,9,27.0
Punjab,2019-10-01,2019,10,124.0
Punjab,2019-11-01,2019,11,148.0
Punjab,2019-12-01,2019,12,103.0
Punjab,2020-01-01,2020,1,33860.0
Punjab,2020-02-01,2020,2,33253.0
Punjab,2020-03-01,2020,3,28229.0
Punjab,2020-04-01,2020,4,2932.0
Punjab,2020-05-01,2020,5,2621.0
Punjab,2020-06-01,2020,6,13020.0
Punjab,2020-07-01,2020,7,15658.0
Punjab,2020-08-01,2020,8,17162.0
Punjab,2020-09-01,2020,9,22799.0
Punjab,2020-10-01,2020,10,22970.0
Punjab,2020-11-01,2020,11,26850.0
Punjab,2020-12-01,2020,12,31794.0
Punjab,2021-01-01,2021,1,89.0
Punjab,2021-02-01,2021,2,96.0
Punjab,2021-03-01,2021,3,290.0
Punjab,2021-04-01,2021,4,74.0
Punjab,2021-05-01,2021,5,77.0
Punjab,2021-06-01,2021,6,138.0
Punjab,2021-07-01,2021,7,506.0
Punjab,2021-08-01,2021,8,464.0
Punjab,2021-09-01,2021,9,724.0
Punjab,2021-10-01,2021,10,546.0
Punjab,2021-11-01,2021,11,935.0
Punjab,2021-12-01,2021,12,699.0
Punjab,2022-01-01,2022,1,763.0
Punjab,2022-02-01,2022,2,661.0
Punjab,2022-03-01,2022,3,1080.0
Punjab,2022-04-01,2022,4,1218.0
Punjab,2022-05-01,2022,5,1029.0
Punjab,2022-06-01,2022,6,977.0
Punjab,2022-07-01,2022,7,1115.0
Punjab,2022-08-01,2022,8,1064.0
Punjab,2022-09-01,2022,9,1228.0
Punjab,2022-10-01,2022,10,1386.0
Punjab,2022-11-01,2022,11,1954.0
Punjab,2022-12-01,2022,12,1580.0
Punjab,2023-01-01,2023,1,1288.0
Punjab,2023-02-01,2023,2,1251.0
Punjab,2023-03-01,2023,3,1934.0
Punjab,2023-04-01,2023,4,1188.0
Punjab,2023-05-01,2023,5,2739.0
Punjab,2023-06-01,2023,6,2118.0
Punjab,2023-07-01,2023,7,1972.0
Punjab,2023-08-01,2023,8,2410.0
Punjab,2023-09-01,2023,9,2601.0
Punjab,2023-10-01,2023,10,2803.0
Punjab,2023-11-01,2023,11,2965.0
Punjab,2023-12-01,2023,12,2473.0
Punjab,2024-01-01,2024,1,2465.0
Punjab,2024-02-01,2024,2,3360.0
Punjab,2024-03-01,2024,3,4811.0
Punjab,2024-04-01,2024,4,3443.0
Punjab,2024-05-01,2024,5,3297.0
Rajasthan,2019-01-01,2019,1,757.0
Rajasthan,2019-02-01,2019,2,638.0
Rajasthan,2019-03-01,2019,3,868.0
Rajasthan,2019-04-01,2019,4,555.0
Rajasthan,2019-05-01,2019,5,390.0
Rajasthan,2019-06-01,2019,6,233.0
Rajasthan,2019-07-01,2019,7,380.0
Rajasthan,2019-08-01,2019,8,391.0
Rajasthan,2019-09-01,2019,9,414.0
Rajasthan,2019-10-01,2019,10,589.0
Rajasthan,2019-11-01,2019,11,744.0
Rajasthan,2019-12-01,2019,12,674.0
Rajasthan,2020-01-01,2020,1,1188.0
Rajasthan,2020-02-01,2020,2,1115.0
Rajasthan,2020-03-01,2020,3,812.0
Rajasthan,2020-04-01,2020,4,49.0
Rajasthan,2020-05-01,2020,5,65.0
Rajasthan,2020-06-01,2020,6,486.0
Rajasthan,2020-07-01,2020,7,912.0
Rajasthan,2020-08-01,2020,8,694.0
Rajasthan,2020-09-01,2020,9,1408.0
Rajasthan,2020-10-01,2020,10,954.0
Rajasthan,2020-11-01,2020,11,1494.0
Rajasthan,2020-12-01,2020,12,2040.0
Rajasthan,2021-01-01,2021,1,18747.0
Rajasthan,2021-02-01,2021,2,22312.0
Rajasthan,2021-03-01,2021,3,32490.0
Rajasthan,2021-04-01,2021,4,16204.0
Rajasthan,2021-05-01,2021,5,3765.0
Rajasthan,2021-06-01,2021,6,14176.0
Rajasthan,2021-07-01,2021,7,32589.0
Rajasthan,2021-08-01,2021,8,34954.0
Rajasthan,2021-09-01,2021,9,42531.0
Rajasthan,2021-10-01,2021,10,46803.0
Rajasthan,2021-11-01,2021,11,52639.0
Rajasthan,2021-12-01,2021,12,61507.0
Rajasthan,2022-01-01,2022,1,58467.0
Rajasthan,2022-02-01,2022,2,66064.0
Rajasthan,2022-03-01,2022,3,92322.0
Rajasthan,2022-04-01,2022,4,87892.0
Rajasthan,2022-05-01,2022,5,80909.0
Rajasthan,2022-06-01,2022,6,87118.0
Rajasthan,2022-07-01,2022,7,94278.0
Rajasthan,2022-08-01,2022,8,102184.0
Rajasthan,2022-09-01,2022,9,109191.0
Rajasthan,2022-10-01,2022,10,141067.0
Rajasthan,2022-11-01,2022,11,142140.0
Rajasthan,2022-12-01,2022,12,119846.0
Rajasthan,2023-01-01,2023,1,115720.0
Rajasthan,2023-02-01,2023,2,120788.0
Rajasthan,2023-03-01,2023,3,158831.0
Rajasthan,2023-04-01,2023,4,122786.0
Rajasthan,2023-05-01,2023,5,177853.0
Rajasthan,2023-06-01,2023,6,115124.0
Rajasthan,2023-07-01,2023,7,130838.0
Rajasthan,2023-08-01,2023,8,142700.0
Rajasthan,2023-09-01,2023,9,144000.0
Rajasthan,2023-10-01,2023,10,156544.0
Rajasthan,2023-11-01,2023,11,176773.0
Rajasthan,2023-12-01,2023,12,157700.0
Rajasthan,2024-01-01,2024,1,159875.0
Rajasthan,2024-02-01,2024,2,157855.0
Rajasthan,2024-03-01,2024,3,232163.0
Rajasthan,2024-04-01,2024,4,125015.0
Rajasthan,2024-05-01,2024,5,135926.0
Sikkim,2024-05-01,2024,5,4.0
Tamil Nadu,2019-01-01,2019,1,223.0
Tamil Nadu,2019-02-01,2019,2,294.0
Tamil Nadu,2019-03-01,2019,3,530.0
Tamil Nadu,2019-04-01,2019,4,283.0
Tamil Nadu,2019-05-01,2019,5,181.0
Tamil Nadu,2019-06-01,2019,6,191.0
Tamil Nadu,2019-07-01,2019,7,231.0
Tamil Nadu,2019-08-01,2019,8,237.0
Tamil Nadu,2019-09-01,2019,9,338.0
Tamil Nadu,2019-10-01,2019,10,350.0
Tamil Nadu,2019-11-01,2019,11,537.0
Tamil Nadu,2019-12-01,2019,12,319.0
Tamil Nadu,2020-01-01,2020,1,118408.0
Tamil Nadu,2020-02-01,2020,2,116521.0
Tamil Nadu,2020-03-01,2020,3,99132.0
Tamil Nadu,2020-04-01,2020,4,6829.0
Tamil Nadu,2020-05-01,2020,5,9267.0
Tamil Nadu,2020-06-01,2020,6,45711.0
Tamil Nadu,2020-07-01,2020,7,54924.0
Tamil Nadu,2020-08-01,2020,8,60419.0
Tamil Nadu,2020-09-01,2020,9,80077.0
Tamil Nadu,2020-10-01,2020,10,80648.0
Tamil Nadu,2020-11-01,2020,11,94361.0
Tamil Nadu,2020-12-01,2020,12,111854.0
Tamil Nadu,2021-01-01,2021,1,1056.0
Tamil Nadu,2021-02-01,2021,2,2635.0
Tamil Nadu,2021-03-01,2021,3,3725.0
Tamil Nadu,2021-04-01,2021,4,1867.0
Tamil Nadu,2021-05-01,2021,5,268.0
Tamil Nadu,2021-06-01,2021,6,922.0
Tamil Nadu,2021-07-01,2021,7,2919.0
Tamil Nadu,2021-08-01,2021,8,2822.0
Tamil Nadu,2021-09-01,2021,9,3005.0
Tamil Nadu,2021-10-01,2021,10,2621.0
Tamil Nadu,2021-11-01,2021,11,2877.0
Tamil Nadu,2021-12-01,2021,12,3305.0
Tamil Nadu,2022-01-01,2022,1,4429.0
Tamil Nadu,2022-02-01,2022,2,4831.0
Tamil Nadu,2022-03-01,2022,3,8119.0
Tamil Nadu,2022-04-01,2022,4,5807.0
Tamil Nadu,2022-05-01,2022,5,3886.0
Tamil Nadu,2022-06-01,2022,6,4587.0
Tamil Nadu,2022-07-01,2022,7,4586.0
Tamil Nadu,2022-08-01,2022,8,5792.0
Tamil Nadu,2022-09-01,2022,9,5453.0
Tamil Nadu,2022-10-01,2022,10,5796.0
Tamil Nadu,2022-11-01,2022,11,7669.0
Tamil Nadu,2022-12-01,2022,12,5491.0
Tamil Nadu,2023-01-01,2023,1,5789.0
Tamil Nadu,2023-02-01,2023,2,7152.0
Tamil Nadu,2023-03-01,2023,3,9233.0
Tamil Nadu,2023-04-01,2023,4,7342.0
Tamil Nadu,2023-05-01,2023,5,11387.0
Tamil Nadu,2023-06-01,2023,6,6126.0
Tamil Nadu,2023-07-01,2023,7,7226.0
Tamil Nadu,2023-08-01,2023,8,7352.0
Tamil Nadu,2023-09-01,2023,9,6196.0
Tamil Nadu,2023-10-01,2023,10,7375.0
Tamil Nadu,2023-11-01,2023,11,8052.0
Tamil Nadu,2023-12-01,2023,12,6342.0
Tamil Nadu,2024-01-01,2024,1,8657.0
Tamil Nadu,2024-02-01,2024,2,9717.0
Tamil Nadu,2024-03-01,2024,3,14650.0
Tamil Nadu,2024-04-01,2024,4,7909.0
Tamil Nadu,2024-05-01,2024,5,7641.0
The Dadra And Nagar Haveli And Daman And Diu,2019-01-01,2019,1,3.0
The Dadra And Nagar Haveli And Daman And Diu,2019-02-01,2019,2,1.0
The Dadra And Nagar Haveli And Daman And Diu,2019-04-01,2019,4,3.0
The Dadra And Nagar Haveli And Daman And Diu,2019-05-01,2019,5,1.0
The Dadra And Nagar Haveli And Daman And Diu,2019-06-01,2019,6,1.0
The Dadra And Nagar Haveli And Daman And Diu,2019-10-01,2019,10,6.0
The Dadra And Nagar Haveli And Daman And Diu,2019-11-01,2019,11,1.0
The Dadra And Nagar Haveli And Daman And Diu,2019-12-01,2019,12,3.0
The Dadra And Nagar Haveli And Daman And Diu,2020-01-01,2020,1,5.0
The Dadra And Nagar Haveli And Daman And Diu,2020-03-01,2020,3,4.0
The Dadra And Nagar Haveli And Daman And Diu,2020-05-01,2020,5,2.0
The Dadra And Nagar Haveli And Daman And Diu,2020-06-01,2020,6,2.0
The Dadra And Nagar Haveli And Daman And Diu,2020-07-01,2020,7,1.0
The Dadra And Nagar Haveli And Daman And Diu,2020-09-01,2020,9,1.0
The Dadra And Nagar Haveli And Daman And Diu,2020-11-01,2020,11,2.0
The Dadra And Nagar Haveli And Daman And Diu,2020-12-01,2020,12,7.0
The Dadra And Nagar Haveli And Daman And Diu,2021-01-01,2021,1,1.0
The Dadra And Nagar Haveli And Daman And Diu,2021-02-01,2021,2,3.0
The Dadra And Nagar Haveli And Daman And Diu,2021-03-01,2021,3,2.0
The Dadra And Nagar Haveli And Daman And Diu,2021-04-01,2021,4,1.0
The Dadra And Nagar Haveli And Daman And Diu,2021-06-01,2021,6,3.0
The Dadra And Nagar Haveli And Daman And Diu,2021-07-01,2021,7,8.0
The Dadra And Nagar Haveli And Daman And Diu,2021-08-01,2021,8,2.0
The Dadra And Nagar Haveli And Daman And Diu,2021-09-01,2021,9,1.0
The Dadra And Nagar Haveli And Daman And Diu,2021-10-01,2021,10,2.0
The Dadra And Nagar Haveli And Daman And Diu,2021-11-01,2021,11,1.0
The Dadra And Nagar Haveli And Daman And Diu,2021-12-01,2021,12,5.0
The Dadra And Nagar Haveli And Daman And Diu,2022-01-01,2022,1,6.0
The Dadra And Nagar Haveli And Daman And Diu,2022-02-01,2022,2,6.0
The Dadra And Nagar Haveli And Daman And Diu,2022-03-01,2022,3,7.0
The Dadra And Nagar Haveli And Daman And Diu,2022-04-01,2022,4,8.0
The Dadra And Nagar Haveli And Daman And Diu,2022-05-01,2022,5,18.0
The Dadra And Nagar Haveli And Daman And Diu,2022-06-01,2022,6,10.0
The Dadra And Nagar Haveli And Daman And Diu,2022-07-01,2022,7,9.0
The Dadra And Nagar Haveli And Daman And Diu,2022-08-01,2022,8,14.0
The Dadra And Nagar Haveli And Daman And Diu,2022-09-01,2022,9,15.0
The Dadra And Nagar Haveli And Daman And Diu,2022-10-01,2022,10,9.0
The Dadra And Nagar Haveli And Daman And Diu,2022-11-01,2022,11,17.0
The Dadra And Nagar Haveli And Daman And Diu,2022-12-01,2022,12,22.0
The Dadra And Nagar Haveli And Daman And Diu,2023-01-01,2023,1,11.0
The Dadra And Nagar Haveli And Daman And Diu,2023-02-01,2023,2,19.0
The Dadra And Nagar Haveli And Daman And Diu,2023-03-01,2023,3,10.0
The Dadra And Nagar Haveli And Daman And Diu,2023-04-01,2023,4,8.0
The Dadra And Nagar Haveli And Daman And Diu,2023-05-01,2023,5,12.0
The Dadra And Nagar Haveli And Daman And Diu,2023-06-01,2023,6,6.0
The Dadra And Nagar Haveli And Daman And Diu,2023-07-01,2023,7,9.0
The Dadra And Nagar Haveli And Daman And Diu,2023-08-01,2023,8,10.0
The Dadra And Nagar Haveli And Daman And Diu,2023-09-01,2023,9,21.0
The Dadra And Nagar Haveli And Daman And Diu,2023-10-01,2023,10,17.0
The Dadra And Nagar Haveli And Daman And Diu,2023-11-01,2023,11,18.0
The Dadra And Nagar Haveli And Daman And Diu,2023-12-01,2023,12,20.0
The Dadra And Nagar Haveli And Daman And Diu,2024-01-01,2024,1,35.0
The Dadra And Nagar Haveli And Daman And Diu,2024-02-01,2024,2,30.0
The Dadra And Nagar Haveli And Daman And Diu,2024-03-01,2024,3,32.0
The Dadra And Nagar Haveli And Daman And Diu,2024-04-01,2024,4,27.0
The Dadra And Nagar Haveli And Daman And Diu,2024-05-01,2024,5,26.0
Tripura,2019-01-01,2019,1,2.0
Tripura,2019-02-01,2019,2,25.0
Tripura,2019-03-01,2019,3,3.0
Tripura,2019-04-01,2019,4,1.0
Tripura,2019-05-01,2019,5,1.0
Tripura,2019-07-01,2019,7,47.0
Tripura,2019-08-01,2019,8,252.0
Tripura,2019-09-01,2019,9,144.0
Tripura,2019-10-01,2019,10,210.0
Tripura,2019-11-01,2019,11,281.0
Tripura,2019-12-01,2019,12,493.0
Tripura,2020-01-01,2020,1,792.0
Tripura,2020-02-01,2020,2,522.0
Tripura,2020-03-01,2020,3,433.0
Tripura,2020-04-01,2020,4,1.0
Tripura,2020-05-01,2020,5,108.0
Tripura,2020-06-01,2020,6,200.0
Tripura,2020-07-01,2020,7,230.0
Tripura,2020-08-01,2020,8,205.0
Tripura,2020-09-01,2020,9,191.0
Tripura,2020-10-01,2020,10,258.0
Tripura,2020-11-01,2020,11,227.0
Tripura,2020-12-01,2020,12,254.0
Tripura,2021-01-01,2021,1,274.0
Tripura,2021-02-01,2021,2,224.0
Tripura,2021-03-01,2021,3,239.0
Tripura,2021-04-01,2021,4,247.0
Tripura,2021-05-01,2021,5,162.0
Tripura,2021-06-01,2021,6,89.0
Tripura,2021-07-01,2021,7,99.0
Tripura,2021-08-01,2021,8,184.0
Tripura,2021-09-01,2021,9,177.0
Tripura,2021-10-01,2021,10,202.0
Tripura,2021-11-01,2021,11,270.0
Tripura,2021-12-01,2021,12,267.0
Tripura,2022-01-01,2022,1,1016.0
Tripura,2022-02-01,2022,2,1035.0
Tripura,2022-03-01,2022,3,1128.0
Tripura,2022-04-01,2022,4,1111.0
Tripura,2022-05-01,2022,5,1072.0
Tripura,2022-06-01,2022,6,1038.0
Tripura,2022-07-01,2022,7,1027.0
Tripura,2022-08-01,2022,8,1022.0
Tripura,2022-09-01,2022,9,1219.0
Tripura,2022-10-01,2022,10,1129.0
Tripura,2022-11-01,2022,11,403.0
Tripura,2022-12-01,2022,12,599.0
Tripura,2023-01-01,2023,1,1085.0
Tripura,2023-02-01,2023,2,1052.0
Tripura,2023-03-01,2023,3,1173.0
Tripura,2023-04-01,2023,4,1181.0
Tripura,2023-05-01,2023,5,1331.0
Tripura,2023-06-01,2023,6,1238.0
Tripura,2023-07-01,2023,7,1335.0
Tripura,2023-08-01,2023,8,1362.0
Tripura,2023-09-01,2023,9,1279.0
Tripura,2023-10-01,2023,10,1297.0
Tripura,2023-11-01,2023,11,1460.0
Tripura,2023-12-01,2023,12,1286.0
Tripura,2024-01-01,2024,1,532.0
Tripura,2024-02-01,2024,2,591.0
Tripura,2024-03-01,2024,3,1216.0
Tripura,2024-04-01,2024,4,366.0
Tripura,2024-05-01,2024,5,538.0
Uttar Pradesh,2019-01-01,2019,1,5100.0
Uttar Pradesh,2019-02-01,2019,2,3952.0
Uttar Pradesh,2019-03-01,2019,3,4308.0
Uttar Pradesh,2019-04-01,2019,4,3724.0
Uttar Pradesh,2019-05-01,2019,5,3784.0
Uttar Pradesh,2019-06-01,2019,6,3957.0
Uttar Pradesh,2019-07-01,2019,7,4665.0
Uttar Pradesh,2019-08-01,2019,8,4769.0
Uttar Pradesh,2019-09-01,2019,9,4855.0
Uttar Pradesh,2019-10-01,2019,10,5279.0
Uttar Pradesh,2019-11-01,2019,11,5688.0
Uttar Pradesh,2019-12-01,2019,12,5733.0
Uttar Pradesh,2020-01-01,2020,1,5483.0
Uttar Pradesh,2020-02-01,2020,2,4866.0
Uttar Pradesh,2020-03-01,2020,3,3424.0
Uttar Pradesh,2020-04-01,2020,4,328.0
Uttar Pradesh,2020-05-01,2020,5,165.0
Uttar Pradesh,2020-06-01,2020,6,1678.0
Uttar Pradesh,2020-07-01,2020,7,2141.0
Uttar Pradesh,2020-08-01,2020,8,2025.0
Uttar Pradesh,2020-09-01,2020,9,2680.0
Uttar Pradesh,2020-10-01,2020,10,2061.0
Uttar Pradesh,2020-11-01,2020,11,2726.0
Uttar Pradesh,2020-12-01,2020,12,3693.0
Uttar Pradesh,2021-01-01,2021,1,4428.0
Uttar Pradesh,2021-02-01,2021,2,4437.0
Uttar Pradesh,2021-03-01,2021,3,5231.0
Uttar Pradesh,2021-04-01,2021,4,3098.0
Uttar Pradesh,2021-05-01,2021,5,641.0
Uttar Pradesh,2021-06-01,2021,6,2852.0
Uttar Pradesh,2021-07-01,2021,7,4784.0
Uttar Pradesh,2021-08-01,2021,8,5684.0
Uttar Pradesh,2021-09-01,2021,9,7315.0
Uttar Pradesh,2021-10-01,2021,10,8101.0
Uttar Pradesh,2021-11-01,2021,11,8602.0
Uttar Pradesh,2021-12-01,2021,12,11533.0
Uttar Pradesh,2022-01-01,2022,1,9831.0
Uttar Pradesh,2022-02-01,2022,2,8595.0
Uttar Pradesh,2022-03-01,2022,3,10999.0
Uttar Pradesh,2022-04-01,2022,4,11819.0
Uttar Pradesh,2022-05-01,2022,5,11717.0
Uttar Pradesh,2022-06-01,2022,6,12457.0
Uttar Pradesh,2022-07-01,2022,7,14382.0
Uttar Pradesh,2022-08-01,2022,8,16427.0
Uttar Pradesh,2022-09-01,2022,9,16544.0
Uttar Pradesh,2022-10-01,2022,10,16864.0
Uttar Pradesh,2022-11-01,2022,11,19531.0
Uttar Pradesh,2022-12-01,2022,12,13709.0
Uttar Pradesh,2023-01-01,2023,1,16800.0
Uttar Pradesh,2023-02-01,2023,2,16500.0
Uttar Pradesh,2023-03-01,2023,3,22214.0
Uttar Pradesh,2023-04-01,2023,4,19731.0
Uttar Pradesh,2023-05-01,2023,5,22252.0
Uttar Pradesh,2023-06-01,2023,6,21398.0
Uttar Pradesh,2023-07-01,2023,7,23871.0
Uttar Pradesh,2023-08-01,2023,8,26405.0
Uttar Pradesh,2023-09-01,2023,9,26388.0
Uttar Pradesh,2023-10-01,2023,10,25282.0
Uttar Pradesh,2023-11-01,2023,11,27161.0
Uttar Pradesh,2023-12-01,2023,12,30284.0
Uttar Pradesh,2024-01-01,2024,1,28014.0
Uttar Pradesh,2024-02-01,2024,2,26001.0
Uttar Pradesh,2024-03-01,2024,3,29430.0
Uttar Pradesh,2024-04-01,2024,4,21331.0
Uttar Pradesh,2024-05-01,2024,5,25413.0
Uttarakhand,2019-01-01,2019,1,546.0
Uttarakhand,2019-02-01,2019,2,515.0
Uttarakhand,2019-03-01,2019,3,483.0
Uttarakhand,2019-04-01,2019,4,454.0
Uttarakhand,2019-05-01,2019,5,581.0
Uttarakhand,2019-06-01,2019,6,480.0
Uttarakhand,2019-07-01,2019,7,561.0
Uttarakhand,2019-08-01,2019,8,591.0
Uttarakhand,2019-09-01,2019,9,599.0
Uttarakhand,2019-10-01,2019,10,531.0
Uttarakhand,2019-11-01,2019,11,636.0
Uttarakhand,2019-12-01,2019,12,631.0
Uttarakhand,2020-01-01,2020,1,443.0
Uttarakhand,2020-02-01,2020,2,466.0
Uttarakhand,2020-03-01,2020,3,183.0
Uttarakhand,2020-04-01,2020,4,11.0
Uttarakhand,2020-05-01,2020,5,5.0
Uttarakhand,2020-06-01,2020,6,128.0
Uttarakhand,2020-07-01,2020,7,154.0
Uttarakhand,2020-08-01,2020,8,155.0
Uttarakhand,2020-09-01,2020,9,200.0
Uttarakhand,2020-10-01,2020,10,188.0
Uttarakhand,2020-11-01,2020,11,214.0
Uttarakhand,2020-12-01,2020,12,247.0
Uttarakhand,2021-01-01,2021,1,337.0
Uttarakhand,2021-02-01,2021,2,346.0
Uttarakhand,2021-03-01,2021,3,437.0
Uttarakhand,2021-04-01,2021,4,229.0
Uttarakhand,2021-05-01,2021,5,40.0
Uttarakhand,2021-06-01,2021,6,237.0
Uttarakhand,2021-07-01,2021,7,347.0
Uttarakhand,2021-08-01,2021,8,527.0
Uttarakhand,2021-09-01,2021,9,645.0
Uttarakhand,2021-10-01,2021,10,642.0
Uttarakhand,2021-11-01,2021,11,674.0
Uttarakhand,2021-12-01,2021,12,862.0
Uttarakhand,2022-01-01,2022,1,661.0
Uttarakhand,2022-02-01,2022,2,729.0
Uttarakhand,2022-03-01,2022,3,1037.0
Uttarakhand,2022-04-01,2022,4,1394.0
Uttarakhand,2022-05-01,2022,5,1105.0
Uttarakhand,2022-06-01,2022,6,1408.0
Uttarakhand,2022-07-01,2022,7,1402.0
Uttarakhand,2022-08-01,2022,8,1384.0
Uttarakhand,2022-09-01,2022,9,1321.0
Uttarakhand,2022-10-01,2022,10,1666.0
Uttarakhand,2022-11-01,2022,11,1883.0
Uttarakhand,2022-12-01,2022,12,1569.0
Uttarakhand,2023-01-01,2023,1,1096.0
Uttarakhand,2023-02-01,2023,2,1145.0
Uttarakhand,2023-03-01,2023,3,1389.0
Uttarakhand,2023-04-01,2023,4,1322.0
Uttarakhand,2023-05-01,2023,5,1682.0
Uttarakhand,2023-06-01,2023,6,1478.0
Uttarakhand,2023-07-01,2023,7,1424.0
Uttarakhand,2023-08-01,2023,8,1476.0
Uttarakhand,2023-09-01,2023,9,1247.0
Uttarakhand,2023-10-01,2023,10,1294.0
Uttarakhand,2023-11-01,2023,11,1656.0
Uttarakhand,2023-12-01,2023,12,1587.0
Uttarakhand,2024-01-01,2024,1,1235.0
Uttarakhand,2024-02-01,2024,2,1451.0
Uttarakhand,2024-03-01,2024,3,1386.0
Uttarakhand,2024-04-01,2024,4,1121.0
Uttarakhand,2024-05-01,2024,5,1603.0
West Bengal,2019-01-01,2019,1,915.0
West Bengal,2019-02-01,2019,2,797.0
West Bengal,2019-03-01,2019,3,1039.0
West Bengal,2019-04-01,2019,4,578.0
West Bengal,2019-05-01,2019,5,368.0
West Bengal,2019-06-01,2019,6,1137.0
West Bengal,2019-07-01,2019,7,795.0
West Bengal,2019-08-01,2019,8,784.0
West Bengal,2019-09-01,2019,9,2630.0
West Bengal,2019-10-01,2019,10,1196.0
West Bengal,2019-11-01,2019,11,1891.0
West Bengal,2019-12-01,2019,12,1403.0
West Bengal,2020-01-01,2020,1,17623.0
West Bengal,2020-02-01,2020,2,18043.0
West Bengal,2020-03-01,2020,3,15783.0
West Bengal,2020-04-01,2020,4,1353.0
West Bengal,2020-05-01,2020,5,1391.0
West Bengal,2020-06-01,2020,6,6823.0
West Bengal,2020-07-01,2020,7,8430.0
West Bengal,2020-08-01,2020,8,9040.0
West Bengal,2020-09-01,2020,9,12220.0
West Bengal,2020-10-01,2020,10,12614.0
West Bengal,2020-11-01,2020,11,14379.0
West Bengal,2020-12-01,2020,12,16679.0
West Bengal,2021-01-01,2021,1,927.0
West Bengal,2021-02-01,2021,2,859.0
West Bengal,2021-03-01,2021,3,598.0
West Bengal,2021-04-01,2021,4,289.0
West Bengal,2021-05-01,2021,5,209.0
West Bengal,2021-06-01,2021,6,208.0
West Bengal,2021-07-01,2021,7,574.0
West Bengal,2021-08-01,2021,8,858.0
West Bengal,2021-09-01,2021,9,661.0
West Bengal,2021-10-01,2021,10,317.0
West Bengal,2021-11-01,2021,11,456.0
West Bengal,2021-12-01,2021,12,457.0
West Bengal,2022-01-01,2022,1,511.0
West Bengal,2022-02-01,2022,2,742.0
West Bengal,2022-03-01,2022,3,783.0
West Bengal,2022-04-01,2022,4,911.0
West Bengal,2022-05-01,2022,5,809.0
West Bengal,2022-06-01,2022,6,895.0
West Bengal,2022-07-01,2022,7,871.0
West Bengal,2022-08-01,2022,8,922.0
West Bengal,2022-09-01,2022,9,1030.0
West Bengal,2022-10-01,2022,10,705.0
West Bengal,2022-11-01,2022,11,1578.0
West Bengal,2022-12-01,2022,12,1392.0
West Bengal,2023-01-01,2023,1,967.0
West Bengal,2023-02-01,2023,2,1335.0
West Bengal,2023-03-01,2023,3,1846.0
West Bengal,2023-04-01,2023,4,1531.0
West Bengal,2023-05-01,2023,5,2292.0
West Bengal,2023-06-01,2023,6,1328.0
West Bengal,2023-07-01,2023,7,1315.0
West Bengal,2023-08-01,2023,8,1454.0
West Bengal,2023-09-01,2023,9,1554.0
West Bengal,2023-10-01,2023,10,1994.0
West Bengal,2023-11-01,2023,11,1968.0
West Bengal,2023-12-01,2023,12,3837.0
West Bengal,2024-01-01,2024,1,2750.0
West Bengal,2024-02-01,2024,2,2664.0
West Bengal,2024-03-01,2024,3,3947.0
West Bengal,2024-04-01,2024,4,2656.0
West Bengal,2024-05-01,2024,5,2116.0
